Time(s),Sensor1,Sensor2,Sensor3,Sensor4,Gyroscope,Magnetic_compass,Gyro integrated heading
0,0,0,0,0,0,-1.542892291,0
0.5,0.06,0.04,-0.02,-0,-0.014,-3.797893258,-3.79780510777514
1,0.16,0.14,0.1,0.16,-0.008,0.7524558213,0.742854331423426
1.5,0.22,0.3,0.36,0.42,-0.024,0.4148978505,1.14781318794084
2,0.5,0.52,0.52,0.64,-0.0318,-0.5568027645,0.444541637298268
2.5,0.74,0.7,0.78,0.78,-0.011,0.5167194414,0.97910569779922
3,0.98,1,1.02,1.04,0.0018,0.3166329071,1.27333123620362
3.5,1.14,1.16,1.16,1.16,-0.0122,1.111880414,1.551922733693
4,1.24,1.26,1.3,1.36,-0.0298,-3.369979983,-0.512026946944602
4.5,1.3,1.24,1.3,1.22,-0.0094,-0.4772283428,-0.367313580821555
5,1.24,1.18,1.22,1.22,-0.0058,-0.2534171881,-0.131808206604167
5.5,1.32,1.2,1.44,1.2,-0.0152,0.6497443109,0.153481254390178
6,1.28,1.2,1.44,1.3,-0.0246,-1.791630201,-0.620419911068981
6.5,1.2,1.34,1.36,1.34,-0.0148,2.774989593,0.441922147863091
7,1.14,1.18,1.24,1.28,-0.0092,-0.7101913623,0.307796024685977
7.5,1.18,1.22,1.3,1.34,-0.0106,1.390454435,0.775406362963175
8,1.26,1.22,1.32,1.3,-0.0036,-2.335209994,0.177896480064218
8.5,1.22,1.18,1.4,1.26,-0.0078,-2.759249961,-0.552992312479217
9,1.2,1.24,1.28,1.26,-0.0104,-1.74049108,-0.922609780122872
9.5,1.24,1.2,1.32,1.34,-0.0012,7.057184779,1.48351967032548
10,1.26,1.22,1.28,1.28,-0.0074,3.352186932,2.25325364875145
10.5,1.18,1.3,1.2,1.32,-0.0184,1.428251974,2.07757321488789
11,1.2,1.16,1.26,1.2,-0.0228,1.503775517,1.85547671874286
11.5,1.22,1.24,1.24,1.36,-0.0226,-0.122233788,1.22370718866021
12,1.2,1.26,1.24,1.28,-0.0194,-0.1586778482,0.769045590588448
12.5,1.3,1.26,1.32,1.28,-0.0094,0.4032885675,0.768444703387969
13,1.22,1.28,1.26,1.28,-0.024,-1.210806646,-0.00548197064579133
13.5,1.24,1.26,1.28,1.3,-0.0216,-1.904887445,-0.759198844923612
14,1.18,1.16,1.22,1.28,-0.0182,-1.509882894,-1.16610767706581
14.5,1.18,1.2,1.28,1.26,-0.0152,1.363516793,-0.594749631562611
15,1.2,1.16,1.14,1.26,-0.0126,-3.074326171,-1.30846100747009
15.5,1.2,1.26,1.22,1.28,-0.0322,-5.105256761,-2.87393099555703
16,1.12,1.28,1.28,1.3,-0.0258,-2.660231442,-3.26505781493012
16.5,1.26,1.18,1.28,1.3,-0.0074,-0.1155565323,-2.41928974195339
17,1.16,1.08,1.34,1.28,0.0038,-1.703992539,-1.93612130697753
17.5,1.08,1.24,1.34,1.36,-0.0068,-2.450731057,-2.00962945156614
18,1.2,1.3,1.3,1.3,-0.0126,-1.736092066,-1.9972791243018
18.5,1.34,1.2,1.38,1.3,-0.0018,-0.8031790014,-1.49083802298682
19,1.26,1.22,1.28,1.22,0.0052,-1.495078113,-1.1515102946531
19.5,1.18,1.18,1.4,1.3,-0.0216,2.582790614,-0.315416226856068
20,1.26,1.2,1.28,1.28,-0.0228,0.9931073171,-0.0683680119119971
20.5,1.12,1.12,1.28,1.18,-0.012,-0.4064915438,-0.0217122162192532
21,1.26,1.26,1.3,1.2,-0.0252,-1.361401003,-0.546671757667362
21.5,1.2,1.28,1.28,1.28,-0.0156,3.940436916,0.74449960631867
22,1.08,1.2,1.2,1.28,-0.013,-1.416992309,0.338585562865301
22.5,1.16,1.22,1.16,1.24,-0.0244,-2.367991616,-0.531178413031914
23,1.22,1.2,1.24,1.26,-0.0038,1.739780861,0.355967952624876
23.5,1.22,1.14,1.24,1.2,-0.0156,1.193001322,0.653277756251937
24,1.2,1.16,1.22,1.32,-0.0076,-2.845885151,-0.0931083928322649
24.5,1.12,1.28,1.3,1.24,-0.023,0.05944295063,-0.236764279985604
25,1.22,1.24,1.38,1.22,-0.0276,1.246173389,-0.0844297088204884
25.5,1.3,1.18,1.36,1.28,-0.0204,-0.4787917762,-0.260283535353444
26,1.36,1.12,1.32,1.26,-0.02,-0.181028403,-0.302846233982725
26.5,1.16,1.14,1.32,1.22,-0.0196,-4.061681673,-1.42153036388569
27,1.28,1.24,1.18,1.38,-0.0188,-1.040934874,-1.46185643075894
27.5,1.26,1.24,1.32,1.26,-0.023,3.567833442,-0.250534161805128
28,1.22,1.28,1.24,1.38,-0.0194,-0.5861670667,-0.324811860594815
28.5,1.32,1.2,1.24,1.34,-0.014,0.5181482074,0.035069133061546
29,1.3,1.24,1.26,1.32,-0.0108,-4.208093229,-0.96253420022935
29.5,1.26,1.16,1.28,1.32,0.0054,-2.534165543,-1.00849179114958
30,1.16,1.28,1.34,1.26,0.0002,-2.97959863,-1.33991580785338
30.5,1.22,1.4,1.34,1.3,-0.0248,-1.073274515,-1.61924824372795
31,1.24,1.28,1.24,1.34,-0.0074,1.588801738,-0.683214457659686
31.5,1.18,1.28,1.28,1.24,-0.0094,-0.4356420293,-0.53125536432189
32,1.32,1.14,1.28,1.26,0.0012,3.264413204,0.849489631327382
32.5,1.18,1.16,1.2,1.28,-0.0324,-1.201424459,-0.015302776455994
33,0.84,1.02,0.98,1.02,-0.0398,-4.329777629,-1.72531575335947
33.5,0.7,0.7,0.82,0.82,0.006,-1.927503435,-1.43995404698581
34,0.5,0.44,0.5,0.56,-0.005,1.031886251,-0.642059362349174
34.5,0.38,0.18,0.24,0.26,0.5144,15.8578823,14.8655340570853
35,0.36,0.14,0.4,0.16,0.514,28.98856069,29.7326963589735
35.5,0.46,0.14,0.38,0.12,0.5176,44.63179624,44.8621332633164
36,0.28,0.12,0.38,0.22,0.5228,61.28178648,60.5200299792426
36.5,0.38,0.06,0.4,0.14,0.5064,77.03857275,75.9021925621403
37,0.38,0.14,0.44,0.2,0.4984,88.9898549,90.1949824565919
37.5,0.26,0.18,0.42,0.08,0.4874,105.5011013,104.840226275652
38,0.32,0.16,0.38,0.18,0.491,116.7791812,118.631785446296
38.5,0.36,0.18,0.3,0.18,0.5076,128.4680267,132.087591660486
39,0.3,0.12,0.32,0.16,0.4926,144.8426987,145.909147702715
39.5,0.3,0.1,0.36,0.18,0.528,166.2214273,162.556557238405
40,0.3,0.14,0.34,0.1,0.5268,178.9961266,178.23703404485
40.5,0.3,0.32,0.36,0.24,-0.0092,179.2135801,178.564184522404
41,0.48,0.52,0.52,0.56,-0.0158,178.7336114,178.554640790478
41.5,0.7,0.68,0.74,0.76,-0.0048,186.1938065,180.898928098926
42,0.96,0.94,0.94,1.04,-0.008,182.8288062,181.783744239451
42.5,1.18,1.12,1.18,1.24,-0.0234,176.1082852,180.238425372173
43,1.24,1.22,1.32,1.36,-0.0194,177.4730856,179.424284699718
43.5,1.2,1.24,1.26,1.34,-0.009,182.3091496,180.343850313536
44,1.24,1.16,1.26,1.38,-0.0062,178.8259156,180.155227518105
44.5,1.16,1.18,1.3,1.36,-0.0084,181.4518658,180.663496215703
45,1.2,1.2,1.24,1.32,-0.008,177.5446212,179.960291969279
45.5,1.16,1.32,1.24,1.22,-0.012,180.9324968,180.232866286227
46,1.2,1.22,1.32,1.32,-0.01,181.725246,180.72412074466
46.5,1.26,1.26,1.3,1.26,-0.0088,178.9365218,180.351785303915
47,1.22,1.22,1.24,1.26,-0.0116,176.710921,179.335253702188
47.5,1.18,1.2,1.14,1.3,-0.0234,178.1654585,178.665653369122
48,1.24,1.28,1.24,1.2,-0.0054,178.968162,178.761847928169
48.5,1.2,1.22,1.28,1.36,-0.0128,182.8984399,179.803480837959
49,1.26,1.26,1.34,1.28,-0.018,182.0438236,180.332768421646
49.5,1.16,1.22,1.3,1.26,-0.0394,175.4589093,178.476792721903
50,1.18,1.24,1.3,1.3,-0.0268,183.3648131,179.52115588829
50.5,1.16,1.2,1.32,1.26,-0.019,177.0151049,178.791251329654
51,1.26,1.28,1.36,1.2,-0.0076,175.3372112,177.949990895354
51.5,1.16,1.22,1.26,1.3,-0.0058,180.6189011,178.771853595155
52,1.18,1.12,1.26,1.16,-0.01,183.5202295,180.177022428328
52.5,1.14,1.18,1.18,1.34,0.0004,176.8581545,179.648717686733
53,1.28,1.22,1.26,1.32,0.001,181.832974,180.575343761764
53.5,1.22,1.26,1.22,1.2,-0.0136,184.1665837,181.655753203145
54,1.24,1.22,1.3,1.32,-0.018,182.2194077,181.894035195819
54.5,1.22,1.26,1.22,1.28,-0.0098,181.3541424,182.001215190326
55,1.2,1.3,1.28,1.28,-0.0156,176.4185339,180.530140131646
55.5,1.16,1.24,1.32,1.34,-0.0388,179.0855381,179.581609189297
56,1.2,1.3,1.22,1.26,-0.0342,177.4377425,178.507683865939
56.5,1.26,1.24,1.3,1.34,-0.0132,177.642139,178.181615430907
57,1.2,1.2,1.32,1.28,-0.0302,179.0128719,177.965349440111
57.5,1.18,1.28,1.36,1.34,-0.031,181.3025015,178.488931414142
58,1.16,1.2,1.32,1.34,-0.0406,173.0801385,176.453365744544
58.5,1.2,1.18,1.22,1.34,0.0138,176.3141083,176.885177873899
59,1.28,1.18,1.28,1.34,0.0006,180.3776513,178.052680199552
59.5,1.22,1.36,1.36,1.3,-0.0008,176.6202178,177.893020751019
60,1.18,1.22,1.3,1.28,0.0062,181.037631,179.121750394187
60.5,1.2,1.22,1.3,1.36,0.0048,179.6380138,179.657736528045
61,1.26,1.22,1.32,1.36,-0.0108,176.8932199,178.941497213607
61.5,1.18,1.16,1.3,1.26,0.0126,181.2340768,180.053133714938
62,1.24,1.24,1.28,1.3,-0.002,180.4390912,180.374608547697
62.5,1.24,1.24,1.24,1.36,-0.0282,179.0455207,179.674480503049
63,1.32,1.28,1.28,1.32,-0.0068,185.6989735,181.473944313846
63.5,1.16,1.26,1.3,1.34,-0.024,181.2126983,181.317230353865
64,1.18,1.24,1.3,1.3,-0.0254,182.7064795,181.59585366998
64.5,1.12,1.28,1.18,1.28,-0.039,182.6025672,181.53447125453
65,1.24,1.22,1.24,1.32,-0.057,180.6805269,180.621386868161
65.5,1.16,1.24,1.32,1.28,-0.0216,179.3503248,180.3186715727
66,1.2,1.26,1.34,1.2,-0.0134,179.3917598,180.240379649428
66.5,1.2,1.18,1.28,1.3,0.011,179.1876089,180.590566389112
67,1.28,1.18,1.26,1.3,0.003,179.3172173,180.653887619189
67.5,1.26,1.2,1.2,1.26,-0.001,176.408362,179.734128552362
68,1.26,1.22,1.28,1.36,-0.0128,181.3033456,180.080434250172
68.5,1.16,1.2,1.24,1.28,-0.014,180.4438717,180.112236667147
69,1.26,1.22,1.32,1.28,-0.0124,176.8819344,179.170893948993
69.5,1.2,1.18,1.24,1.26,-0.0268,181.0181271,179.277432687719
70,1.3,1.2,1.3,1.32,-0.0236,180.3756078,179.311579007635
70.5,1.18,1.22,1.38,1.26,0.0086,178.4380261,179.492191545821
71,1.22,1.16,1.26,1.3,-0.0208,176.9087776,178.539082905972
71.5,1.14,1.24,1.2,1.38,-0.0296,182.9158523,179.31141082223
72,0.96,0.88,1.08,1.06,-0.0302,178.208278,178.670279674057
72.5,0.74,0.7,0.72,0.78,-0.0294,175.6902402,177.492949506673
73,0.46,0.46,0.66,0.54,-0.0176,178.3271878,177.563232276839
73.5,0.3,0.3,0.28,0.36,-0.5342,163.6268162,162.874943835048
74,0.1,0.34,0.18,0.4,-0.5394,147.8783262,147.811230052108
74.5,0.14,0.26,0.16,0.28,-0.524,134.9625437,133.676078456017
75,0.14,0.38,0.1,0.3,-0.5392,118.8464454,118.721879116467
75.5,0.22,0.38,0.26,0.4,-0.5426,101.8394316,103.120517743511
76,0.1,0.34,0.16,0.36,-0.5434,89.30797095,88.319318007924
76.5,0.12,0.42,0.14,0.38,-0.512,76.24935357,74.6993514883753
77,0.28,0.3,0.16,0.4,-0.532,60.87664145,60.2379386436011
77.5,0.14,0.46,0.04,0.34,-0.5308,43.87362295,45.1070115128119
78,0.2,0.38,0.16,0.36,-0.5222,28.39198669,30.0001002455774
78.5,0.2,0.38,0.18,0.4,-0.53,15.89954157,15.4064400903476
79,0.1,0.28,0.24,0.32,-0.5248,1.878118985,1.10303777115474
79.5,0.22,0.42,0.28,0.34,-0.0318,1.178230504,0.808675164771017
80,0.44,0.42,0.52,0.58,-0.0306,-1.247261523,-0.0502112820382351
80.5,0.66,0.68,0.76,0.78,-0.0044,-1.470001671,-0.242307425623199
81,0.92,0.96,0.98,1.04,-0.0196,0.3489886275,-0.227949141612002
81.5,1.08,1.2,1.2,1.22,-0.0064,0.007375750934,-0.019114670998969
82,1.22,1.24,1.3,1.34,-0.0078,1.19246696,0.439270966538736
82.5,1.18,1.22,1.22,1.32,-0.0152,0.2499684553,0.380441956019729
83,1.22,1.28,1.28,1.32,-0.0176,-3.563775722,-0.799151979733309
83.5,1.26,1.2,1.16,1.34,-0.0072,-1.199640368,-0.877880961058969
84,1.22,1.18,1.26,1.26,-0.0076,2.083547841,-0.0242323329992558
84.5,1.28,1.26,1.34,1.32,-0.02,0.2065610434,-0.109809955896933
85,1.3,1.28,1.28,1.34,-0.0232,0.5172281853,-0.134993434051025
85.5,1.3,1.28,1.32,1.26,0.0028,-1.399779894,-0.135871741917266
86,1.18,1.24,1.26,1.26,-0.0136,-0.313257077,-0.218679674479753
86.5,1.18,1.16,1.28,1.28,-0.0368,2.790397631,0.123067483990828
87,1.12,1.22,1.3,1.3,-0.039,-3.767833114,-1.42475758042728
87.5,1.2,1.24,1.32,1.26,-0.008,-1.201168465,-1.26900858817388
88,1.26,1.24,1.26,1.3,-0.007,2.122782837,-0.190455091192845
88.5,1.14,1.26,1.34,1.3,-0.0094,1.933871159,0.578192492484914
89,1.14,1.2,1.26,1.3,-0.0186,-1.029867495,0.156656409192124
89.5,1.26,1.28,1.28,1.3,0.0008,-0.5226269718,0.345928258558024
90,1.2,1.18,1.28,1.34,0.007,1.936604614,1.26956356901297
90.5,1.2,1.32,1.3,1.3,-0.026,1.563287019,1.17660162485737
91,1.24,1.26,1.28,1.32,-0.0042,-2.599230597,0.392191251711083
91.5,1.14,1.16,1.26,1.34,-0.0236,-0.4948965034,-0.0983681204648227
92,1.14,1.1,1.28,1.24,-0.022,-2.677899102,-1.05354323540868
92.5,1.08,1.24,1.34,1.32,-0.0108,-0.2572019169,-0.890224645143282
93,1.22,1.22,1.3,1.24,-0.0154,-1.816689442,-1.28321418477018
93.5,1.2,1.2,1.3,1.42,-0.0102,-0.07841013443,-0.987366723452613
94,1.26,1.18,1.28,1.4,-0.0072,4.026528302,0.490296843110221
94.5,1.26,1.2,1.3,1.32,0.005,1.080754868,1.11408203148206
95,1.28,1.2,1.32,1.26,0.007,1.075103321,1.59878673439046
95.5,1.32,1.26,1.3,1.24,-0.0204,-2.589972075,0.320896932700585
96,1.26,1.22,1.28,1.24,-0.0234,-1.358905388,-0.431050534399192
96.5,1.22,1.22,1.3,1.32,-0.0078,0.5489362493,-0.14766733585589
97,1.28,1.2,1.34,1.32,-0.0032,3.63822047,1.05647282280257
97.5,1.28,1.22,1.3,1.22,-0.0128,2.198137092,1.42367257088729
98,1.16,1.2,1.3,1.24,-0.0028,1.717488412,1.7885314898078
98.5,1.2,1.16,1.28,1.22,-0.0044,1.484270973,1.94774065978111
99,1.28,1.24,1.34,1.28,-0.0142,2.062978689,2.00512277290549
99.5,1.2,1.28,1.3,1.26,-0.0156,0.1948708172,1.48965927513408
100,1.24,1.32,1.32,1.26,-0.0354,-1.983343144,0.0404838961942933
100.5,1.12,1.18,1.16,1.26,-0.0216,0.6852036525,-0.0433828905496356
101,1.32,1.28,1.32,1.32,-0.0272,-0.1914063119,-0.435953662089657
101.5,1.18,1.18,1.32,1.26,-0.0076,1.254942556,0.106085761272896
102,1.12,1.2,1.26,1.2,-0.0218,1.613407915,0.353929374389623
102.5,1.18,1.26,1.28,1.38,-0.0158,-2.911397805,-0.57600684789748
103,1.26,1.2,1.28,1.34,-0.012,0.9636202415,-0.164050981293189
103.5,1.2,1.18,1.18,1.22,-0.0308,-3.044556763,-1.34423393308186
104,1.28,1.22,1.26,1.24,-0.0268,-1.931859673,-1.8643269326559
104.5,1.22,1.28,1.2,1.2,-0.0168,-2.650358628,-2.23848317717585
105,1.24,1.22,1.3,1.26,-0.0092,-0.3848670988,-1.72503679269221
105.5,1.22,1.22,1.22,1.24,-0.0214,-1.996392903,-2.00767602434346
106,1.2,1.12,1.28,1.34,-0.002,-1.183488355,-1.58083267907738
106.5,1.28,1.2,1.26,1.34,-0.0176,-1.528256914,-1.67604427516147
107,1.22,1.28,1.2,1.3,0.006,1.225456128,-0.472013016782913
107.5,1.14,1.28,1.4,1.24,-0.0064,-2.842030076,-0.946091849155805
108,1.12,1.14,1.24,1.2,-0.0082,-1.764078476,-1.09776393506882
108.5,1.28,1.26,1.28,1.28,-0.0382,-4.510831941,-2.63013896192318
109,1.22,1.22,1.3,1.34,-0.0128,-3.89445846,-3.11204024302473
109.5,1.22,1.24,1.32,1.38,-0.0104,-0.4326315492,-2.45869965979918
110,1.16,1.14,1.36,1.26,-0.041,-0.01517691345,-2.413263797787
110.5,1.2,1.18,1.26,1.2,-0.0248,0.3490804451,-1.84219992520774
111,0.94,1.02,1.1,1.06,-0.0362,-1.960271158,-2.22878763270045
111.5,0.82,0.78,0.72,0.8,0.001,-5.369385488,-2.69872280990311
112,0.5,0.5,0.5,0.54,-0.0016,-2.317773326,-2.33676333222125
112.5,0.4,0.28,0.4,0.34,0.5182,12.48868127,12.7903811913947
113,0.3,0.12,0.38,0.12,0.5258,29.72389387,28.6589464390692
113.5,0.36,0.06,0.3,0.14,0.5172,46.6462855,44.6958763739869
114,0.32,0.1,0.36,0.1,0.5246,65.26868203,61.7021630172385
114.5,0.38,0.18,0.48,0.26,0.5064,73.8242971,76.0889594864905
115,0.38,0.18,0.34,0.16,0.509,90.67347065,91.1310554569047
115.5,0.32,0.14,0.36,0.16,0.4968,104.0317368,105.42525175807
116,0.28,0.16,0.36,0.12,0.4918,118.3735779,119.570675950995
116.5,0.24,0.14,0.3,0.12,0.4934,133.7516034,134.047529919669
117,0.42,0.16,0.44,0.1,0.4996,150.277436,149.220556312927
117.5,0.24,0.14,0.38,0.12,0.5014,163.0133889,163.783973372539
118,0.48,0.14,0.28,0.24,0.5014,180.2845,179.083020052742
118.5,0.32,0.26,0.4,0.28,-0.0042,179.29659,179.437471091629
119,0.42,0.5,0.46,0.54,0.0008,177.5067658,179.279749741217
119.5,0.74,0.74,0.86,0.74,-0.022,176.0962331,178.222649340093
120,1.04,1.08,1.12,1.1,-0.027,178.646289,177.995833321178
120.5,1.16,1.16,1.2,1.26,0.0088,179.6672015,178.885546552298
121,1.26,1.22,1.3,1.32,-0.0124,179.5352364,179.083800369548
121.5,1.34,1.2,1.28,1.24,-0.019,181.0335065,179.53504484602
122,1.2,1.26,1.18,1.26,-0.0026,179.5147668,179.827725380592
122.5,1.12,1.16,1.28,1.36,0.0148,180.4523378,180.647031618037
123,1.28,1.2,1.3,1.28,0.0126,182.4494484,181.747212504186
123.5,1.28,1.22,1.3,1.32,-0.0182,179.6449469,181.137162254557
124,1.18,1.2,1.26,1.34,-0.0052,183.2345518,181.922049950913
124.5,1.18,1.26,1.3,1.28,-0.001,180.9176066,181.968809872832
125,1.22,1.24,1.38,1.24,-0.016,181.2995047,181.757926774563
125.5,1.28,1.16,1.36,1.26,-0.0458,182.944912,181.442998106971
126,1.24,1.28,1.34,1.26,-0.0412,179.110637,180.287742534783
126.5,1.24,1.2,1.28,1.3,-0.0298,173.4793609,178.045274381159
127,1.26,1.22,1.3,1.28,-0.0264,178.1797683,177.647808988322
127.5,1.16,1.14,1.28,1.36,-0.0222,175.413785,176.686936637739
128,1.26,1.22,1.24,1.3,-0.0156,181.1409572,177.70548997355
128.5,1.2,1.26,1.42,1.18,0.0068,177.7698587,178.084694461941
129,1.2,1.2,1.4,1.34,0.012,178.8252296,178.749034929993
129.5,1.18,1.22,1.3,1.3,0.004,182.2378119,180.032682007784
130,1.22,1.3,1.22,1.26,-0.0132,181.1616301,180.388064638917
130.5,1.2,1.18,1.32,1.28,-0.0218,180.2862722,180.250787066144
131,1.24,1.3,1.26,1.3,-0.0156,180.2710176,180.276865282618
131.5,1.14,1.22,1.22,1.28,-0.0258,183.0922477,180.886916950388
132,1.32,1.2,1.22,1.32,-0.036,182.0954201,180.926066091979
132.5,1.22,1.28,1.36,1.2,-0.039,181.3048187,180.718235227099
133,1.22,1.24,1.38,1.38,-0.0432,180.3214356,180.229216375628
133.5,1.14,1.24,1.28,1.28,-0.0086,180.4802434,180.637885820037
134,1.26,1.2,1.26,1.28,-0.0064,179.0989082,180.576790942861
134.5,1.12,1.18,1.3,1.32,-0.0044,176.0535893,179.646236329201
135,1.18,1.2,1.3,1.3,-0.008,180.0848668,179.896413072639
135.5,1.22,1.2,1.28,1.28,-0.0024,181.8434684,180.697760462942
136,1.24,1.18,1.3,1.24,0.0178,180.2761176,181.29019882247
136.5,1.24,1.06,1.26,1.26,-0.0404,178.2103649,179.89058080576
137,1.22,1.2,1.3,1.36,-0.0296,180.8108387,179.776058356142
137.5,1.3,1.24,1.32,1.28,-0.006,178.1093611,179.455667040953
138,1.14,1.26,1.38,1.24,-0.0066,179.6550705,179.595013494247
138.5,1.22,1.28,1.26,1.3,-0.0218,179.2395757,179.267592729106
139,1.24,1.28,1.22,1.3,-0.0218,180.8484847,179.488651967542
139.5,1.22,1.1,1.28,1.36,-0.003,178.0825399,179.30573394962
140,1.2,1.22,1.32,1.36,-0.0014,179.5476345,179.571053315755
140.5,1.22,1.14,1.28,1.26,-0.0126,182.0784763,180.248727758783
141,1.18,1.26,1.26,1.3,-0.023,177.3270238,179.250250056166
141.5,1.24,1.22,1.28,1.34,-0.0022,178.8118255,179.301018315595
142,1.24,1.12,1.22,1.26,-0.0064,176.7007077,178.630946001174
142.5,1.12,1.18,1.22,1.2,-0.0124,178.7513444,178.527407515958
143,1.24,1.2,1.28,1.34,-0.0102,181.3298032,179.239958957368
143.5,1.12,1.12,1.26,1.32,-0.0068,183.824213,180.617654754508
144,1.16,1.2,1.24,1.24,-0.0078,180.8997608,180.89097173369
144.5,1.22,1.26,1.32,1.3,-0.0214,177.6212039,179.877358476829
145,1.2,1.22,1.3,1.22,-0.0346,177.5276212,178.757428421687
145.5,1.2,1.28,1.26,1.34,-0.0084,179.5403899,179.011600226765
146,1.22,1.28,1.22,1.3,-0.0012,182.1832872,180.114250392349
146.5,1.22,1.2,1.24,1.26,-0.04,181.3286812,179.953952570449
147,1.26,1.1,1.26,1.26,-0.0192,180.5229649,180.096070413922
147.5,1.2,1.32,1.34,1.26,-0.0044,181.1211076,180.689566329215
148,1.14,1.22,1.28,1.3,-0.0094,180.7247421,180.917979877387
148.5,1.22,1.24,1.26,1.34,-0.0226,178.8830621,180.279655577576
149,1.28,1.18,1.2,1.28,-0.012,180.1616594,180.343113258992
149.5,1.16,1.14,1.18,1.32,-0.0112,180.6604195,180.538779494143
150,1,1.04,1.04,1,-0.011,179.7082185,180.417907980214
150.5,0.68,0.72,0.76,0.76,0.0006,179.0755794,180.359321250505
151,0.52,0.48,0.46,0.5,0.0004,178.4252312,180.073627604921
151.5,0.1,0.4,0.34,0.46,-0.5418,165.6569998,165.050330090902
152,0.16,0.36,0.14,0.4,-0.5234,151.3951269,150.646666669049
152.5,0.12,0.32,0.14,0.4,-0.535,138.8018217,136.551020850043
153,0.04,0.42,0.16,0.34,-0.5246,124.6302753,122.743648899937
153.5,0.04,0.3,0.1,0.3,-0.5502,104.6838603,106.749199058783
154,0.18,0.34,0.12,0.28,-0.5408,89.91980306,91.2083627778907
154.5,0.08,0.32,0.18,0.38,-0.5434,73.18741568,75.2207093023142
155,0.14,0.36,0.14,0.38,-0.5446,61.95210193,60.4703815225595
155.5,0.1,0.34,0.06,0.28,-0.5454,43.37738353,44.6814830463497
156,0.06,0.38,0.14,0.44,-0.5284,33.46329679,30.8531854587873
156.5,0.12,0.32,0.1,0.48,-0.5346,16.58500723,16.1437267749081
157,0.12,0.26,0.16,0.34,-0.5434,-1.931795183,0.191824410293284
157.5,0.28,0.32,0.22,0.4,-0.0172,1.317989498,0.395042377625796
158,0.54,0.5,0.46,0.46,-0.0184,0.9439074237,0.44931309343666
158.5,0.7,0.78,0.76,0.9,-0.019,-2.405383392,-0.453724084446516
159,0.98,0.94,0.94,1.06,-0.0134,0.3271151924,-0.293468024629178
159.5,1.24,1.08,1.26,1.2,0.0138,1.369378178,0.701784498751902
160,1.2,1.16,1.36,1.3,-0.0036,1.006731672,0.983202368539959
160.5,1.32,1.2,1.3,1.34,-0.007,-2.824354163,0.0284284710546425
161,1.26,1.24,1.26,1.3,-0.0264,-0.4118735072,-0.490714600024993
161.5,1.18,1.22,1.24,1.24,-0.0038,-0.9417242614,-0.545870609929268
162,1.2,1.2,1.18,1.3,-0.009,2.718403932,0.33001470376315
162.5,1.14,1.12,1.3,1.28,-0.025,0.8120322924,0.190189920037167
163,1.28,1.24,1.22,1.22,-0.0204,0.1465987343,0.0221770345520003
163.5,1.28,1.16,1.3,1.42,-0.0062,0.9502568654,0.426650629888305
164,1.28,1.18,1.28,1.36,-0.0066,-0.2022515673,0.403365352641581
164.5,1.24,1.26,1.16,1.3,-0.0096,4.454088776,1.62102061432476
165,1.28,1.14,1.26,1.3,-0.013,3.146583908,2.17350093346139
165.5,1.24,1.24,1.42,1.24,-0.0116,2.997583603,2.59727055866126
166,1.3,1.14,1.26,1.24,0.0022,0.6638444436,2.53851338070191
166.5,1.22,1.2,1.28,1.38,-0.0198,0.6412284846,1.95833645683242
167,1.28,1.2,1.32,1.32,-0.0112,-0.7950062597,1.25513033284742
167.5,1.24,1.28,1.32,1.3,-0.0296,2.181213059,1.1310869314377
168,1.22,1.18,1.38,1.38,-0.0076,2.978413856,1.76490700016125
168.5,1.28,1.14,1.34,1.28,-0.0208,1.3069197,1.52550273056942
169,1.24,1.24,1.26,1.28,-0.047,-0.6052361351,0.264370785176981
169.5,1.14,1.22,1.2,1.38,-0.023,1.257212072,0.345054995363965
170,1.3,1.22,1.24,1.26,-0.0196,-2.545345119,-0.567782438546099
170.5,1.14,1.14,1.3,1.32,-0.006,-1.598998116,-0.758579990990162
171,1.24,1.18,1.34,1.34,-0.013,-0.1886468871,-0.674471917926227
171.5,1.24,1.14,1.22,1.22,-0.0164,-0.01678754455,-0.61438506484133
172,1.2,1.14,1.32,1.24,-0.002,0.5833297502,-0.0799633485274225
172.5,1.18,1.22,1.22,1.22,-0.012,1.571324552,0.406489736769014
173,1.2,1.12,1.38,1.28,-0.0004,0.06357684109,0.614732528915171
173.5,1.3,1.22,1.26,1.22,-0.003,3.381912105,1.62890065947193
174,1.14,1.16,1.18,1.4,-0.0144,0.4132328673,1.35367902222463
174.5,1.18,1.26,1.32,1.26,-0.0154,0.1549477323,1.02244615774212
175,1.2,1.28,1.24,1.38,-0.0224,-0.8535013154,0.318181524985296
175.5,1.22,1.26,1.24,1.28,-0.0018,0.1613764304,0.474346487176151
176,1.18,1.26,1.28,1.38,-0.0054,0.3839799425,0.562103812652546
176.5,1.14,1.22,1.22,1.24,-0.0174,-0.131635673,0.224758651549955
177,1.16,1.3,1.28,1.36,-0.027,1.888865137,0.344531799302812
177.5,1.24,1.26,1.28,1.3,0.004,0.3834416327,0.70510910856427
178,1.2,1.3,1.4,1.38,-0.0066,-3.827189259,-0.46322587677608
178.5,1.26,1.24,1.34,1.28,-0.0206,-3.039501564,-1.50767120404822
179,1.22,1.2,1.28,1.3,-0.0154,-1.312299771,-1.72427593564728
179.5,1.18,1.22,1.32,1.34,-0.0136,0.04772296614,-1.43872805523386
180,1.18,1.26,1.36,1.28,-0.0234,0.9482673186,-1.11594401254843
180.5,1.2,1.2,1.18,1.3,-0.0156,0.3553368506,-0.804626987219261
181,1.2,1.3,1.32,1.24,-0.0208,1.213944137,-0.394915185210743
181.5,1.2,1.26,1.28,1.34,-0.038,0.9544612668,-0.459088352176157
182,1.3,1.24,1.28,1.4,-0.0124,-0.1481527152,-0.232278496625076
182.5,1.18,1.28,1.24,1.28,-0.0148,0.8247981421,0.160712440515405
183,1.18,1.24,1.38,1.36,-0.0132,-1.170738712,-0.0630615611119945
183.5,1.3,1.3,1.3,1.28,-0.0118,-3.684398388,-0.955631895319622
184,1.2,1.2,1.3,1.32,-0.0168,-0.8502014739,-1.00977727610425
184.5,1.22,1.2,1.32,1.26,-0.0218,0.4509741999,-0.774915530028799
185,1.18,1.24,1.28,1.24,-0.0276,1.209063046,-0.457973919553799
185.5,1.14,1.24,1.32,1.28,0.0022,-2.300862837,-0.544593134698333
186,1.2,1.22,1.24,1.3,-0.0014,-1.816450711,-0.618231379604916
186.5,1.24,1.14,1.26,1.24,-0.0198,-1.825287607,-1.10230807960427
187,1.3,1.26,1.26,1.26,-0.0304,-2.289936086,-1.82931671147441
187.5,1.22,1.1,1.3,1.26,0.015,-1.094945983,-1.0990542665782
188,1.22,1.2,1.28,1.3,0.0036,0.7418629151,-0.288367475432152
188.5,1.14,1.14,1.2,1.2,-0.0124,2.567761217,0.526420351279323
189,1,1.02,0.96,1.08,-0.0076,2.4557342,1.26406370427166
189.5,0.76,0.66,0.8,0.9,-0.0016,4.241476728,2.47340152123723
190,0.42,0.54,0.54,0.52,0.0062,3.640162316,3.40452832527109
190.5,0.32,0.28,0.42,0.34,0.494,14.77472204,17.2496893531451
191,0.36,0.14,0.28,0.08,0.4846,32.300371,31.8407467434536
191.5,0.38,0.2,0.28,0.14,0.5056,41.91244262,45.4689023952131
192,0.28,0.18,0.32,0.22,0.5018,64.42187726,61.3878804458129
192.5,0.44,0.14,0.32,0.16,0.5076,75.64807728,76.2236979491659
193,0.36,0.12,0.3,0.12,0.4884,93.66789459,91.5448174062756
193.5,0.34,0.16,0.44,0.12,0.5212,104.0558161,106.229403800504
194,0.36,0.1,0.3,0.1,0.5338,116.5627281,120.461139931481
194.5,0.38,0.14,0.32,0.18,0.502,131.889867,134.184376651247
195,0.24,0.16,0.42,0.04,0.4978,147.8171321,148.348789638182
195.5,0.3,0.18,0.32,0.16,0.504,161.3832921,162.447782737634
196,0.44,0.06,0.34,0.16,0.506,176.0029693,176.689997421495
196.5,0.4,0.34,0.4,0.32,-0.0328,177.8799516,176.338861313995
197,0.58,0.52,0.54,0.68,-0.0276,182.104224,177.459306282424
197.5,0.74,0.76,0.8,0.82,-0.0002,182.2282855,179.058084518599
198,1.06,0.9,1.02,1.06,-0.0224,181.226265,179.598974434333
198.5,1.2,1.18,1.3,1.16,0.006,178.0725603,179.743427912241
199,1.2,1.18,1.22,1.32,0.0016,183.923921,181.346070295225
199.5,1.3,1.26,1.34,1.34,-0.0072,177.7243238,180.663772216842
200,1.18,1.3,1.3,1.2,-0.018,180.8463963,180.713910674508
200.5,1.2,1.22,1.32,1.22,-0.0214,179.2040563,180.219517819482
201,1.32,1.2,1.24,1.3,-0.0074,177.54173,179.637271733156
201.5,1.22,1.2,1.34,1.28,-0.0274,181.9305914,179.966097491121
202,1.24,1.2,1.24,1.32,-0.0342,180.6973173,179.796163642786
202.5,1.28,1.16,1.28,1.42,-0.0056,179.7872976,180.04149607764
203,1.18,1.22,1.32,1.28,-0.003,180.2373926,180.387402129352
203.5,1.22,1.16,1.18,1.3,-0.0102,180.3877491,180.523656392868
204,1.24,1.18,1.34,1.28,-0.0224,182.2840524,180.903436947419
204.5,1.18,1.18,1.24,1.3,-0.0152,179.1655684,180.497016907271
205,1.22,1.28,1.22,1.32,-0.0278,180.8234644,180.36105552424
205.5,1.22,1.24,1.24,1.3,0.0074,178.7975816,180.430546606695
206,1.16,1.24,1.28,1.36,0.013,179.8895413,180.835197576001
206.5,1.22,1.2,1.26,1.24,-0.0146,181.4586468,180.963659228176
207,1.12,1.24,1.26,1.4,-0.0196,183.6242553,181.589057490687
207.5,1.2,1.28,1.3,1.32,0.0006,179.2042009,181.28379595858
208,1.22,1.22,1.26,1.2,-0.0022,181.9957541,181.711084690067
208.5,1.3,1.18,1.26,1.3,-0.043,180.8889609,180.878053557316
209,1.26,1.14,1.22,1.22,-0.0388,182.6291554,180.862135715708
209.5,1.22,1.1,1.36,1.38,-0.0156,183.0347725,181.517566703996
210,1.14,1.26,1.26,1.3,-0.0232,181.4507542,181.446372457439
210.5,1.36,1.3,1.34,1.32,-0.0118,178.8140748,180.880957655557
211,1.18,1.2,1.22,1.3,-0.0064,183.9557383,181.957859578226
211.5,1.26,1.28,1.24,1.34,-0.0088,177.8042802,181.019175875872
212,1.3,1.16,1.34,1.34,-0.0026,180.7145452,181.162540594945
212.5,1.3,1.2,1.26,1.22,-0.0026,178.7391933,180.685249791704
213,1.24,1.28,1.28,1.34,0.0068,178.6960762,180.440655773318
213.5,1.22,1.16,1.32,1.26,-0.0216,183.3885663,180.940186631849
214,1.28,1.28,1.34,1.28,-0.0242,178.7222574,180.024838798609
214.5,1.24,1.2,1.28,1.36,-0.0198,180.8548197,180.009168819227
215,1.26,1.26,1.32,1.26,-0.0064,181.7588877,180.56573934925
215.5,1.1,1.2,1.3,1.4,-0.0118,177.6801227,179.74679221594
216,1.22,1.22,1.3,1.34,-0.0122,181.0869509,180.030672887612
216.5,1.22,1.24,1.28,1.28,-0.0136,181.5862027,180.392238864068
217,1.18,1.2,1.22,1.26,-0.0148,177.392913,179.487333213548
217.5,1.32,1.2,1.26,1.28,-0.029,176.7246336,178.268523458711
218,1.2,1.2,1.28,1.2,-0.0248,178.7399732,177.987816120533
218.5,1.34,1.24,1.28,1.36,-0.0134,182.0825483,179.001787522851
219,1.22,1.2,1.22,1.36,-0.0186,178.4602342,178.724970115071
219.5,1.2,1.22,1.3,1.26,0.0002,181.2712662,179.699067981028
220,1.3,1.2,1.24,1.2,-0.0104,181.0597358,180.18650739307
220.5,1.18,1.24,1.3,1.36,-0.018,181.1433086,180.440804154237
221,1.2,1.16,1.3,1.26,-0.0008,179.6632944,180.585740129168
221.5,1.18,1.2,1.28,1.26,-0.0214,182.6171882,181.06592695484
222,1.3,1.32,1.26,1.34,-0.0356,176.4072879,179.422109907807
222.5,1.22,1.24,1.3,1.3,-0.0082,180.1901693,179.751729856041
223,1.2,1.26,1.28,1.28,-0.018,179.9060967,179.724875095748
223.5,1.18,1.28,1.32,1.26,-0.0028,178.4543129,179.613115286943
224,1.2,1.18,1.36,1.28,0.0016,179.6355984,179.909028256672
224.5,1.22,1.28,1.18,1.2,-0.0068,180.0614126,180.057769863332
225,1.2,1.2,1.32,1.34,-0.025,177.8211703,179.155108313876
225.5,1.24,1.18,1.26,1.3,-0.0052,182.9080112,180.301770128459
226,1.28,1.22,1.32,1.26,-0.025,180.3529967,180.103097009007
226.5,1.2,1.24,1.26,1.3,-0.0202,182.9686565,180.812533629627
227,1.28,1.3,1.28,1.3,-0.0168,181.5588309,181.082514184673
227.5,1.18,1.24,1.16,1.22,-0.0046,180.8410469,181.342791309211
228,0.96,1.02,1.1,1.04,0.0008,180.1206638,181.413961326961
228.5,0.8,0.72,0.76,0.74,-0.0102,181.6262646,181.611239297702
229,0.52,0.54,0.42,0.5,-0.0252,181.7712637,181.486589468882
229.5,0.22,0.42,0.2,0.44,-0.5394,163.2959305,165.615775173502
230,0.2,0.34,0.18,0.32,-0.5294,149.6401585,150.479496598342
230.5,0.08,0.4,0.12,0.44,-0.5276,134.8450691,135.441031064132
231,0.1,0.44,0.22,0.38,-0.5448,121.4614476,120.493933414199
231.5,0.28,0.42,0.12,0.46,-0.5302,107.4705754,106.159275293394
232,0.12,0.38,0.16,0.38,-0.5378,88.97909421,90.5448681304044
232.5,0.26,0.22,0.2,0.38,-0.5548,76.70695641,75.4633920038005
233,0.18,0.4,0.18,0.44,-0.535,58.20853675,59.8714210204803
233.5,0.14,0.34,0.22,0.4,-0.5334,44.70148524,44.8328721546266
234,0.12,0.34,0.16,0.36,-0.5496,32.98317837,30.3988856021064
234.5,0.24,0.36,0.12,0.36,-0.5496,16.54379981,15.5063654814818
235,0.12,0.4,0.22,0.42,-0.5394,-2.405842172,-0.284163493961445
235.5,0.2,0.32,0.38,0.44,-0.0056,1.338239836,0.330937700304931
236,0.44,0.58,0.46,0.54,-0.0076,3.241574967,1.31387780309019
236.5,0.68,0.76,0.68,0.7,-0.0026,0.9146361368,1.54240762016026
237,1,0.92,1,1.04,-0.0086,-0.01403838959,1.29243689262143
237.5,1.14,1.2,1.14,1.24,-0.0372,-1.681593028,-0.00268474083484884
238,1.24,1.14,1.32,1.24,-0.0078,-0.6303742429,-0.100531449082522
238.5,1.2,1.28,1.28,1.3,-0.0324,-0.03354994528,-0.528562235138846
239,1.28,1.28,1.24,1.26,-0.0268,1.363415115,-0.302417090008549
239.5,1.22,1.34,1.22,1.36,-0.0252,-2.113265137,-1.02320575815629
240,1.28,1.2,1.18,1.34,-0.0212,-3.260799551,-1.8297919627078
240.5,1.24,1.26,1.26,1.26,0.0006,-3.503766245,-2.09047080128113
241,1.26,1.18,1.34,1.28,0.0152,-0.08781594523,-1.06848025674148
241.5,1.26,1.22,1.32,1.24,-0.0176,3.248119304,-0.0204902126465706
242,1.26,1.18,1.22,1.26,-0.0052,0.9167752097,0.462652779584511
242.5,1.16,1.2,1.26,1.32,-0.0086,-1.126745696,0.178241930511683
243,1.18,1.22,1.2,1.32,-0.0178,-0.1703532681,0.00139923765642478
243.5,1.28,1.26,1.24,1.24,-0.0244,0.6239553372,-0.0425175531331917
244,1.24,1.2,1.18,1.2,-0.0208,0.2751194925,-0.0705762822571634
244.5,1.24,1.2,1.32,1.4,-0.0078,-1.322568405,-0.262702358529763
245,1.22,1.3,1.22,1.18,-0.0004,-1.059756834,-0.21928947450909
245.5,1.14,1.22,1.34,1.24,-0.0178,2.57888148,0.451740568076055
246,1.12,1.28,1.26,1.3,-0.0082,-2.519938903,-0.227052376800271
246.5,1.22,1.24,1.28,1.22,-0.0054,-1.343276521,-0.419943822024284
247,1.2,1.18,1.3,1.28,-0.0212,0.5749718571,-0.377243452524171
247.5,1.24,1.2,1.38,1.32,-0.019,-2.321043839,-1.08283685499269
248,1.18,1.22,1.24,1.38,-0.012,0.06082631362,-0.821425218039808
248.5,1.18,1.18,1.28,1.3,-0.0214,-2.291456556,-1.45701794838713
249,1.14,1.2,1.24,1.34,-0.025,-2.51939803,-2.08650369920412
249.5,1.24,1.24,1.34,1.24,-0.0236,-0.555158628,-1.96951945764496
250,1.2,1.14,1.26,1.3,-0.0326,-0.5301603163,-2.00267271980676
250.5,1.1,1.18,1.2,1.32,-0.0078,-2.325507904,-1.96418579797215
251,1.28,1.2,1.3,1.34,-0.0196,-0.4314986242,-1.65652405628912
251.5,1.26,1.22,1.28,1.34,0.0052,-1.590760884,-1.20400778419107
252,1.2,1.2,1.36,1.38,-0.0098,-3.301975551,-1.69003191676279
252.5,1.18,1.28,1.26,1.32,0.0026,-2.888138952,-1.73529622268042
253,1.18,1.3,1.26,1.32,0.0026,-0.4937570118,-1.1374057260674
253.5,1.36,1.16,1.32,1.34,-0.01,0.3072396666,-0.712767716373818
254,1.24,1.22,1.36,1.28,-0.016,-1.448082231,-0.986350522818265
254.5,1.18,1.2,1.3,1.3,-0.0048,1.897748893,-0.0224782246837469
255,1.32,1.16,1.3,1.28,-0.0062,4.106614948,1.3483915792949
255.5,1.12,1.2,1.3,1.34,-0.0178,3.056254161,1.91215592875871
256,1.3,1.24,1.44,1.24,-0.0224,0.5434347002,1.55720758112704
256.5,1.24,1.32,1.3,1.28,-0.0264,-1.450964886,0.611347911838841
257,1.24,1.24,1.24,1.3,-0.021,-1.650941638,-0.100371555500094
257.5,1.3,1.24,1.24,1.3,-0.001,2.161889284,0.816184328355351
258,1.16,1.24,1.3,1.26,-0.0112,1.596663255,1.16050993432229
258.5,1.26,1.26,1.34,1.2,-0.0122,-2.554400055,0.226871575018364
259,1.24,1.14,1.28,1.3,-0.0084,2.208103845,0.869004991217375
259.5,1.22,1.2,1.3,1.28,0.0088,4.130350228,2.28478700205892
260,1.26,1.22,1.3,1.26,-0.008,-1.097572276,1.54900469441426
260.5,1.2,1.22,1.28,1.4,0.0066,2.960216465,2.36011312107763
261,1.22,1.14,1.26,1.22,-0.006,1.518958992,2.29904929238724
261.5,1.22,1.3,1.24,1.36,-0.0096,5.445809718,3.26277824435715
262,1.24,1.2,1.28,1.24,-0.0004,2.235632131,3.32392605949149
262.5,1.2,1.32,1.28,1.34,-0.0134,-1.744485655,1.92450896503888
263,1.2,1.22,1.26,1.28,-0.0182,2.740138532,1.93972735524317
263.5,1.28,1.3,1.32,1.32,-0.0342,-1.640666631,0.413069083639858
264,1.24,1.22,1.28,1.28,-0.0506,3.406195986,0.328019030120956
264.5,1.2,1.22,1.28,1.36,-0.0384,0.7318198438,-0.109876714086215
265,1.22,1.16,1.28,1.3,-0.0318,0.1715513146,-0.41103803134473
265.5,1.16,1.28,1.28,1.34,0.0072,1.800887562,0.660893544621725
266,1.2,1.22,1.26,1.16,-0.007,-0.7670888412,0.45707361485646
266.5,1.1,1.1,1.16,1.36,-0.0064,1.9771031,1.04997487648073
267,1.06,0.92,0.94,1.02,-0.024,-2.00673085,0.0223054289481315
267.5,0.78,0.7,0.78,0.84,0.0038,3.261888288,1.26538311795849
268,0.38,0.58,0.42,0.5,0.0022,4.069248279,2.43750782249711
268.5,0.44,0.24,0.4,0.36,0.4778,15.94421724,16.4749821285873
269,0.44,0.18,0.38,0.18,0.5022,28.80146073,30.6552445018115
269.5,0.24,0.18,0.38,0.22,0.4964,45.14182873,45.2502775559294
270,0.34,0.14,0.32,0.04,0.5026,60.97858706,60.3203564043457
270.5,0.4,0.06,0.32,0.12,0.5038,72.53082563,74.444626682544
271,0.36,0.06,0.34,0.14,0.4902,88.2549087,88.662020863135
271.5,0.3,0.16,0.46,0.16,0.5108,105.7240885,104.207694179559
272,0.34,0.08,0.48,0.22,0.5072,118.8992539,119.071564451196
272.5,0.38,0.1,0.3,0.14,0.5088,133.0049626,133.745649711245
273,0.34,0.12,0.38,0.12,0.5066,151.6953891,149.483007666266
273.5,0.4,0.08,0.44,0.02,0.5266,163.8378486,164.704976010159
274,0.38,0.06,0.28,0.14,0.5214,180.0608526,180.067274347582
274.5,0.34,0.24,0.48,0.26,-0.0036,180.754283,180.494551787471
275,0.46,0.5,0.4,0.48,-0.0258,179.7664654,180.075804671899
275.5,0.78,0.72,0.84,0.78,-0.0056,179.4060192,180.074761823616
276,0.88,0.98,0.96,1.04,-0.0096,182.7498542,180.912533775307
276.5,1.18,1.16,1.18,1.2,-0.0264,179.5518,180.338706478641
277,1.34,1.22,1.2,1.24,-0.0424,178.6922152,179.321789067758
277.5,1.28,1.24,1.34,1.4,-0.0248,180.0903708,179.324546807135
278,1.24,1.28,1.28,1.3,-0.0148,180.6361565,179.71943210897
278.5,1.24,1.2,1.46,1.32,0.0058,179.0652143,180.018167202688
279,1.28,1.28,1.28,1.32,-0.0098,176.2146971,179.062020152218
279.5,1.14,1.3,1.3,1.34,-0.0094,176.619113,178.378287868328
280,1.28,1.24,1.36,1.22,0.0018,180.0109509,179.005900066807
280.5,1.36,1.18,1.32,1.22,-0.0196,182.8749949,179.87242819405
281,1.2,1.24,1.26,1.3,-0.0096,179.5162006,179.87331365228
281.5,1.14,1.22,1.32,1.34,-0.016,182.7680584,180.650474476294
282,1.12,1.28,1.32,1.22,-0.0174,184.8230112,181.852401402963
282.5,1.24,1.14,1.26,1.34,-0.0024,180.625257,181.956518928558
283,1.18,1.14,1.36,1.3,-0.022,180.6117619,181.568094610223
283.5,1.28,1.24,1.24,1.32,-0.0086,178.4848855,180.920084368645
284,1.2,1.08,1.24,1.24,-0.0342,178.2396214,179.756847845195
284.5,1.16,1.22,1.28,1.26,-0.0378,176.4061931,178.26448124698
285,1.28,1.22,1.26,1.36,-0.0346,178.1042738,177.663821792768
285.5,1.14,1.3,1.36,1.36,-0.0252,176.1449223,176.889180769894
286,1.32,1.28,1.36,1.18,-0.011,177.0774185,176.858580503745
286.5,1.26,1.3,1.3,1.36,-0.0086,179.7530711,177.654840342201
287,1.24,1.2,1.32,1.4,-0.0092,175.9681957,177.22823084146
287.5,1.36,1.14,1.22,1.34,-0.0036,177.944019,177.544504455217
288,1.2,1.24,1.26,1.28,-0.0046,179.8590868,178.311246156077
288.5,1.14,1.28,1.28,1.38,-0.0108,174.4730041,177.270477417062
289,1.28,1.26,1.2,1.32,-0.0188,176.8245234,176.908691785483
289.5,1.3,1.24,1.32,1.3,-0.002,174.2884128,176.270715454658
290,1.24,1.14,1.28,1.28,-0.0016,182.092605,177.952534566584
290.5,1.2,1.22,1.3,1.3,-0.0076,179.2168478,178.394894067328
291,1.22,1.36,1.34,1.3,-0.0062,179.282004,178.794121162102
291.5,1.28,1.26,1.28,1.3,-0.003,181.1758612,179.704198258184
292,1.3,1.2,1.3,1.24,-0.0134,178.9240633,179.566399209392
292.5,1.22,1.2,1.32,1.46,0.0014,178.570321,179.643398620719
293,1.28,1.28,1.3,1.32,-0.0158,179.1539862,179.465376548294
293.5,1.22,1.26,1.2,1.18,-0.0146,180.4818487,179.726114956204
294,1.22,1.18,1.3,1.34,-0.002,180.4892783,180.205826332843
294.5,1.26,1.26,1.38,1.26,-0.015,181.9159384,180.699802741992
295,1.26,1.14,1.26,1.26,-0.0136,182.5667732,181.319147957676
295.5,1.26,1.18,1.28,1.32,-0.013,185.1718295,182.567969544787
296,1.22,1.2,1.3,1.22,-0.011,179.8103769,182.092903894558
296.5,1.22,1.1,1.28,1.24,-0.0304,184.9198955,182.707358220302
297,1.26,1.32,1.28,1.26,-0.0408,178.9300125,181.32844924518
297.5,1.26,1.16,1.3,1.32,0.0032,181.4733668,181.862873115357
298,1.28,1.3,1.26,1.2,-0.002,180.8211385,181.937060261009
298.5,1.24,1.22,1.26,1.28,-0.0188,181.7479174,181.860796596414
299,1.14,1.22,1.26,1.36,-0.0206,178.5511944,180.856939080674
299.5,1.24,1.22,1.24,1.26,0.0106,178.5434511,180.677121511377
300,1.24,1.24,1.28,1.24,0.006,180.3989826,180.889282689365
300.5,1.26,1.28,1.2,1.34,-0.0364,184.2174404,181.23432577629
301,1.26,1.32,1.26,1.36,-0.0382,183.5394725,181.379875473324
301.5,1.2,1.16,1.28,1.26,-0.0038,182.1755065,181.895188627676
302,1.26,1.28,1.24,1.28,-0.0142,179.0111514,181.164579473915
302.5,1.22,1.24,1.32,1.28,-0.0186,181.7628932,181.239976875101
303,1.26,1.24,1.18,1.32,-0.0166,181.3926834,181.252317233813
303.5,1.22,1.2,1.32,1.2,-0.0054,179.7262919,181.02389112356
304,1.2,1.24,1.28,1.3,-0.005,180.9083402,181.148463435278
304.5,1.3,1.16,1.22,1.3,-0.0352,179.7670262,180.283823308955
305,1.24,1.18,1.18,1.2,-0.0344,181.9592037,180.281209796537
305.5,1.18,1.24,1.18,1.2,-0.0036,180.6026006,180.598015137171
306,0.92,0.98,0.98,1.08,-0.0186,180.8645784,180.591721758496
306.5,0.66,0.62,0.72,0.76,-0.0078,180.3562166,180.676162185311
307,0.46,0.46,0.48,0.5,-0.005,180.4859597,180.8171945564
307.5,0.24,0.3,0.18,0.46,-0.5316,164.2475721,165.490873765882
308,0.2,0.32,0.12,0.4,-0.525,148.997465,150.268307051108
308.5,0.08,0.42,0.12,0.44,-0.5342,136.2481058,135.504623825618
309,0.1,0.4,0.14,0.38,-0.5488,121.9898864,120.616768344909
309.5,0.16,0.4,0.08,0.48,-0.5518,104.5640907,105.005748528852
310,0.16,0.28,0.24,0.32,-0.552,88.27958081,89.1805091972967
310.5,0.24,0.32,0.1,0.42,-0.5232,75.5148655,74.7763173796901
311,0.1,0.32,0.16,0.46,-0.5004,62.13594307,61.1625787961168
311.5,0.16,0.42,0.14,0.26,-0.5424,46.0203868,46.0186980264176
312,0.2,0.38,0.16,0.3,-0.5448,30.58391876,30.7425937030705
312.5,0.22,0.34,0.12,0.38,-0.5196,12.880941,15.2877420861387
313,0.14,0.28,0.2,0.32,-0.5188,0.3918931908,0.588082353815653
313.5,0.16,0.4,0.22,0.36,-0.0388,-2.040193088,-0.790106113293814
314,0.4,0.42,0.5,0.54,-0.045,-1.950974373,-1.93249964047584
314.5,0.76,0.78,0.76,0.74,-0.0202,4.173572309,-0.503981381862596
315,1,1.02,1.06,1.12,-0.019,-0.2948686374,-0.524398367362161
315.5,1.08,1.16,1.18,1.18,-0.0094,1.551485938,0.191903837133042
316,1.16,1.18,1.12,1.2,-0.0006,1.856070458,1.03013027756466
316.5,1.22,1.2,1.32,1.3,0.0008,-2.778684225,0.378817834988635
317,1.2,1.1,1.24,1.34,-0.0056,0.6598064506,0.621892678669061
317.5,1.1,1.12,1.18,1.32,0.0004,2.681913389,1.49471213304872
318,1.24,1.22,1.26,1.3,-0.0042,6.265799278,3.09365053401812
318.5,1.18,1.26,1.28,1.36,-0.0394,1.289360459,2.23979004428192
319,1.16,1.26,1.28,1.38,-0.0384,0.9569989621,1.5137552702259
319.5,1.2,1.22,1.28,1.34,-0.0046,0.246669415,1.46173887371177
320,1.2,1.3,1.28,1.32,-0.0196,-0.2860206646,0.913466077770627
320.5,1.18,1.22,1.32,1.22,-0.033,1.354179355,0.660140302647186
321,1.22,1.18,1.28,1.3,-0.0126,-3.437496867,-0.433263865500555
321.5,1.2,1.3,1.26,1.24,-0.0026,1.803987336,0.348069695925213
322,1.18,1.3,1.32,1.28,0.0086,0.896995123,0.942292516936821
322.5,1.14,1.26,1.3,1.28,-0.0176,-1.364548945,0.186382401463334
323,1.14,1.2,1.28,1.3,-0.0388,0.3693665868,-0.364114942698964
323.5,1.14,1.22,1.34,1.28,-0.0234,0.4208572039,-0.396350234968943
324,1.2,1.24,1.22,1.36,-0.0122,-2.619866194,-1.01783335992596
324.5,1.18,1.22,1.22,1.28,-0.0152,-1.974480216,-1.40988353495554
325,1.2,1.18,1.3,1.26,-0.0132,-0.9721096566,-1.38925440522721
325.5,1.22,1.2,1.26,1.3,0.0196,0.7644862457,-0.190718609905789
326,1.22,1.3,1.24,1.24,0.0068,1.892972506,0.76627086140699
326.5,1.28,1.32,1.34,1.22,-0.0258,1.160500871,0.62314413716819
327,1.14,1.24,1.28,1.34,-0.0106,-1.378628271,0.134708871723559
327.5,1.16,1.16,1.2,1.26,-0.032,1.759189387,0.171800713804083
328,1.26,1.18,1.22,1.24,-0.0264,0.6077518529,0.0544109385303188
328.5,1.22,1.2,1.26,1.32,-0.0332,1.025397004,-0.0268851171992382
329,1.18,1.28,1.24,1.3,-0.0244,1.219829294,0.195723974447094
329.5,1.22,1.16,1.36,1.42,0.0154,-0.1449576574,0.828108575591137
330,1.22,1.24,1.3,1.32,0.0152,-0.7809472325,1.05462535402991
330.5,1.16,1.26,1.38,1.32,-0.0078,0.6291670687,1.06661967710704
331,1.16,1.22,1.36,1.34,-0.0132,0.2234465508,0.830503517036341
331.5,1.24,1.18,1.24,1.26,-0.0322,1.927839622,0.729446002132094
332,1.22,1.22,1.22,1.3,-0.0266,-0.2140699441,0.215280772774282
332.5,1.12,1.2,1.24,1.32,-0.0236,0.5289950093,0.101161010749847
333,1.24,1.18,1.36,1.28,-0.0116,-1.201953984,-0.207420422321444
333.5,1.26,1.22,1.26,1.34,-0.0186,0.9568282098,-0.00180197997482129
334,1.28,1.26,1.3,1.34,-0.027,-1.389042164,-0.651740425302113
334.5,1.24,1.36,1.3,1.16,-0.0058,-1.828873309,-0.838705516244169
335,1.16,1.18,1.32,1.32,-0.0072,-1.377813034,-0.915705627771352
335.5,1.22,1.16,1.28,1.32,-0.0172,0.8300664197,-0.569037554581665
336,1.24,1.2,1.4,1.22,-0.0294,0.002803620218,-0.745950059399805
336.5,1.3,1.18,1.34,1.22,0.0046,-1.679109227,-0.62048650831574
337,1.18,1.12,1.24,1.3,0.0076,-1.860629336,-0.565990863222577
337.5,1.18,1.32,1.32,1.34,-0.028,-0.2378671263,-0.852130459620861
338,1.16,1.18,1.3,1.3,-0.0152,-2.032576622,-1.27759740004458
338.5,1.18,1.18,1.28,1.28,-0.0158,-1.743819985,-1.54497684479872
339,1.26,1.22,1.36,1.32,-0.0204,4.527463999,-0.059068456817548
339.5,1.26,1.24,1.24,1.28,-0.0134,0.3702658379,0.165056263728269
340,1.22,1.22,1.38,1.22,-0.0062,-4.180253758,-0.809728421395907
340.5,1.22,1.26,1.3,1.34,-0.0024,-0.4209701178,-0.507105632790994
341,1.24,1.26,1.2,1.32,-0.0014,-0.1151353066,-0.179364207532127
341.5,1.18,1.2,1.28,1.24,-0.033,-2.710095359,-1.32684622781623
342,1.18,1.2,1.18,1.24,-0.028,-1.706350835,-1.8203466609423
342.5,1.24,1.26,1.24,1.32,-0.021,1.413215855,-1.13968500566549
343,1.28,1.22,1.26,1.28,-0.023,-2.204543074,-1.61087255133922
343.5,1.28,1.28,1.22,1.26,-0.0094,0.08347603457,-1.04521601104925
344,1.2,1.32,1.26,1.32,-0.0242,-4.235403437,-2.12142662366266
344.5,1.18,1.18,1.26,1.14,0.0072,-1.804002088,-1.64831779173958
345,0.98,0.94,1.02,1.08,-0.0092,-3.274315055,-2.07002740474716
345.5,0.62,0.74,0.86,0.78,-0.0214,0.0929344784,-1.71803500781458
346,0.6,0.4,0.5,0.54,-0.0256,-2.141307011,-2.10877036642869
346.5,0.38,0.3,0.44,0.26,0.5128,16.23257276,13.8714428599587
347,0.34,0.14,0.26,0.16,0.508,31.15978279,29.5554466399496
347.5,0.26,0.06,0.44,0.22,0.503,40.28332741,43.3432612347356
348,0.32,0.12,0.38,0.16,0.5138,55.47769633,57.6207949844719
348.5,0.4,0.18,0.38,0.1,0.5294,75.48254053,73.7523796381775
349,0.32,0.22,0.46,0.1,0.5296,91.27077502,89.8647456537283
349.5,0.34,0.08,0.42,0.14,0.5052,105.1995412,104.91691763937
350,0.34,0.08,0.4,0.1,0.5116,117.910521,119.447888172797
350.5,0.42,0.08,0.34,0.14,0.5212,132.3037777,134.070827267488
351,0.34,0.08,0.32,0.08,0.5164,152.630645,150.138781462719
351.5,0.4,0.2,0.38,0.14,0.4988,165.0776385,164.924546191471
352,0.34,0.08,0.38,0.14,0.5126,180.9662999,180.313071977265
352.5,0.28,0.34,0.4,0.32,-0.0114,183.1429788,181.228977862602
353,0.54,0.5,0.54,0.58,-0.0196,181.124686,181.22573050377
353.5,0.74,0.72,0.8,0.88,-0.021,181.3370907,181.250650027535
354,0.94,0.94,1,0.92,-0.0128,184.065532,182.214969635312
354.5,1.2,1.16,1.14,1.34,-0.0236,179.1701837,181.37360198826
355,1.18,1.2,1.3,1.22,-0.0276,180.4709023,180.963833509675
355.5,1.18,1.24,1.3,1.3,-0.0106,182.3313736,181.526171982909
356,1.22,1.2,1.3,1.34,-0.0102,181.2148515,181.654633348617
356.5,1.2,1.3,1.26,1.18,-0.0248,178.8684874,180.76217509318
357,1.2,1.22,1.28,1.32,-0.0212,178.9873491,180.149507557236
357.5,1.32,1.14,1.22,1.28,-0.0172,182.2579464,180.671468189135
358,1.18,1.3,1.36,1.24,-0.019,179.1065268,180.181700697275
358.5,1.22,1.32,1.24,1.34,-0.0188,180.3633638,180.145780610404
359,1.22,1.2,1.24,1.22,-0.0122,181.9692624,180.720662460465
359.5,1.2,1.26,1.34,1.32,0.0018,182.292608,181.564864277387
360,1.26,1.2,1.34,1.32,-0.0054,180.4169428,181.52043401403
360.5,1.26,1.24,1.26,1.34,-0.0188,184.8343148,182.42041212325
361,1.12,1.18,1.24,1.34,-0.02,180.3057633,181.858183777015
361.5,1.22,1.24,1.36,1.26,-0.0014,180.2923842,181.766817319509
362,1.22,1.2,1.22,1.28,-0.0144,181.6658788,181.761403759374
362.5,1.22,1.18,1.26,1.4,-0.0358,181.6743195,181.316799851423
363,1.16,1.28,1.32,1.3,-0.0254,179.3823455,180.576450858874
363.5,1.2,1.16,1.16,1.28,0.0016,181.8100956,181.238195443915
364,1.38,1.26,1.3,1.38,0.0076,178.7454322,180.989697871066
364.5,1.18,1.2,1.24,1.3,-0.0214,180.8521447,180.718665129537
365,1.24,1.16,1.26,1.34,-0.0272,181.0202195,180.45901630124
365.5,1.28,1.26,1.38,1.3,-0.0052,181.0845089,180.766715877781
366,1.26,1.24,1.32,1.24,-0.0168,180.7821621,180.676877683073
366.5,1.22,1.26,1.34,1.26,-0.029,176.178401,179.059862010913
367,1.24,1.26,1.24,1.3,-0.026,178.6392552,178.538520759544
367.5,1.24,1.18,1.22,1.22,-0.0202,180.1902935,178.728788060342
368,1.14,1.26,1.24,1.36,-0.0202,177.830444,178.257768477603
368.5,1.2,1.16,1.2,1.28,-0.005,176.2953482,177.778202060606
369,1.24,1.18,1.28,1.28,0.0044,179.8099445,178.561784659959
369.5,1.24,1.12,1.26,1.28,-0.006,181.9826404,179.57983643538
370,1.24,1.22,1.3,1.26,-0.0152,182.295217,180.311852439808
370.5,1.2,1.28,1.32,1.36,0.0042,182.6737996,181.42653426652
371,1.22,1.18,1.26,1.34,-0.004,182.005087,181.920176835035
371.5,1.22,1.2,1.24,1.3,-0.0106,182.4574456,182.270337109985
372,1.2,1.18,1.2,1.32,-0.0162,181.5071318,182.144454393515
372.5,1.2,1.14,1.4,1.3,-0.0242,179.3213894,181.242387364201
373,1.32,1.16,1.26,1.28,-0.0262,180.1096205,180.696801149
373.5,1.2,1.28,1.32,1.34,-0.0318,179.0081899,179.853372744953
374,1.16,1.16,1.3,1.24,-0.033,180.9339712,179.735221423282
374.5,1.14,1.18,1.26,1.34,-0.0096,178.2069849,179.40791403154
375,1.16,1.26,1.36,1.24,-0.0112,178.3570684,179.131835626436
375.5,1.22,1.28,1.32,1.16,-0.008,177.1913371,178.635650534877
376,1.28,1.22,1.24,1.3,-0.0118,179.4974286,178.795113129892
376.5,1.2,1.28,1.36,1.26,-0.0028,184.4832378,180.539404509502
377,1.26,1.16,1.2,1.22,0.004,178.8047229,180.485048712741
377.5,1.22,1.24,1.26,1.36,-0.038,181.8051348,180.364214560322
378,1.16,1.22,1.3,1.34,-0.0204,182.0539175,180.771129337028
378.5,1.3,1.26,1.3,1.28,-0.0044,179.1800236,180.629917368975
379,1.24,1.16,1.38,1.26,0.0096,179.2819675,180.782810843578
379.5,1.22,1.28,1.24,1.24,-0.0162,181.9645841,181.060218844638
380,1.26,1.24,1.32,1.34,0.0002,180.9977201,181.359615780757
380.5,1.12,1.18,1.4,1.24,0.0194,183.7483478,182.733248482659
381,1.2,1.18,1.3,1.34,0.0032,181.7848686,182.870703438641
381.5,1.18,1.22,1.3,1.24,-0.0152,176.7799372,181.124332192131
382,1.26,1.12,1.22,1.2,-0.023,180.8089574,180.67126205454
382.5,1.26,1.24,1.3,1.36,-0.0102,180.3101037,180.473693107693
383,1.12,1.24,1.26,1.28,-0.0126,178.8925533,179.873550990751
383.5,1.14,1.16,1.16,1.22,-0.0406,178.2237101,178.637433518032
384,1.04,1,1.1,1.08,-0.0384,180.3193112,178.374519762826
384.5,0.8,0.68,0.72,0.72,-0.0156,178.9845259,178.358422568746
385,0.58,0.56,0.48,0.52,-0.0198,178.9874326,178.288387758814
385.5,0.26,0.3,0.2,0.38,-0.5746,159.5388786,161.365242112527
386,0.18,0.38,0.14,0.48,-0.5614,145.3474291,145.410096530179
386.5,0.16,0.44,0.08,0.42,-0.5174,136.2402754,132.298934335378
387,0.26,0.32,0.2,0.28,-0.5084,118.3778406,118.192540668039
387.5,0.08,0.38,0.16,0.42,-0.5328,105.5142739,103.946323346753
388,0.08,0.36,0.14,0.4,-0.5428,88.63601044,88.8149690960798
388.5,0.18,0.3,0.14,0.36,-0.5246,74.73013824,74.3972125219749
389,0.16,0.34,0.16,0.34,-0.5206,59.64145999,59.8853257257427
389.5,0.12,0.36,0.16,0.36,-0.5606,47.62606359,45.2510698089908
390,0.1,0.32,0.08,0.38,-0.5474,31.0028765,30.4247866878407
390.5,0.12,0.42,0.18,0.34,-0.5314,16.67070751,16.0917924266097
391,0.16,0.3,0.24,0.3,-0.5412,-4.530817228,-0.367264877629484
391.5,0.2,0.32,0.2,0.38,-0.0008,-2.813763076,-0.758444494384309
392,0.46,0.48,0.5,0.68,-0.0148,-2.785005618,-1.40571155643797
392.5,0.72,0.7,0.72,0.78,-0.0224,-0.6823054901,-1.48735243296654
393,0.92,1,0.9,0.98,-0.0166,0.9135890856,-0.939288172304668
393.5,1.14,1.14,1.24,1.26,-0.0222,-1.544208183,-1.28000012174855
394,1.2,1.14,1.3,1.38,-0.0106,-1.461002387,-1.27371561904777
394.5,1.18,1.26,1.18,1.2,-0.0166,-0.4051765718,-1.10060854188484
395,1.3,1.24,1.24,1.38,-0.022,-0.722462866,-1.14769289597245
395.5,1.24,1.26,1.36,1.38,-0.015,-4.186290136,-2.00288271758476
396,1.16,1.26,1.32,1.3,-0.0174,-5.905655549,-3.24620163322169
396.5,1.22,1.18,1.26,1.3,-0.015,-1.526796745,-2.95824658852277
397,1.28,1.24,1.3,1.34,-0.0238,-1.967728933,-2.99639563342012
397.5,1.32,1.26,1.3,1.3,0.001,0.3414566054,-1.81532261177207
398,1.2,1.22,1.24,1.3,-0.002,-1.578672003,-1.48372668404926
398.5,1.18,1.26,1.26,1.28,0.0054,-1.62635168,-1.11205366714184
399,1.28,1.2,1.28,1.32,-0.0094,-3.58578348,-1.72779773553829
399.5,1.28,1.28,1.32,1.32,0.006,-0.006905515492,-0.916471142392933
400,1.22,1.18,1.38,1.32,-0.0046,-0.1667776285,-0.559329006896495
400.5,1.18,1.22,1.3,1.3,-0.0278,0.2414523087,-0.646818178394817
401,1.26,1.22,1.36,1.24,-0.0236,2.909472066,0.172152334237825
401.5,1.22,1.2,1.28,1.3,-0.0258,-3.418266493,-0.965491363616887
402,1.16,1.24,1.22,1.22,-0.033,2.357960605,-0.393268705988559
402.5,1.3,1.2,1.32,1.36,-0.0374,-0.6907872832,-0.821319729969155
403,1.22,1.2,1.24,1.28,-0.031,-1.843497721,-1.31819272893585
403.5,1.06,1.22,1.42,1.38,-0.006,1.07147748,-0.356145937029094
404,1.14,1.28,1.26,1.36,-0.0088,-4.318969521,-1.19369094128079
404.5,1.24,1.32,1.36,1.28,-0.0098,-1.38851834,-1.11603834793094
405,1.16,1.24,1.24,1.36,0.0046,0.4221441458,-0.262678725383242
405.5,1.26,1.28,1.32,1.2,-0.0042,0.4347415238,0.200820575957511
406,1.16,1.24,1.28,1.3,0.0076,2.876739317,1.47807790178675
406.5,1.24,1.34,1.36,1.26,-0.0112,-0.723657917,1.04492978348742
407,1.26,1.28,1.32,1.32,-0.0064,-3.70579946,-0.0891411773895417
407.5,1.2,1.18,1.22,1.22,-0.012,1.37350546,0.270744679602629
408,1.2,1.22,1.32,1.32,-0.0144,-0.9446013996,-0.13156875421835
408.5,1.12,1.12,1.22,1.28,-0.0156,1.132439304,0.110489211473369
409,1.2,1.28,1.24,1.32,-0.0034,-1.164599086,-0.0741610004782902
409.5,1.22,1.26,1.26,1.26,-0.021,-2.762659801,-1.06784955643326
410,1.2,1.3,1.26,1.18,-0.0056,-0.8547866535,-0.994545306425957
410.5,1.26,1.14,1.26,1.32,-0.0136,1.934985307,-0.30823031314032
411,1.12,1.22,1.32,1.28,0.0124,4.361153058,1.50152538559962
411.5,1.24,1.2,1.24,1.26,-0.025,-2.363506575,0.243827841410426
412,1.16,1.26,1.18,1.4,-0.0196,-2.972554945,-0.830689412019181
412.5,1.26,1.26,1.26,1.34,-0.016,-0.3073878554,-0.861530236395914
413,1.18,1.24,1.34,1.32,-0.0308,3.371765554,-0.119066235224475
413.5,1.24,1.14,1.3,1.28,-0.0238,-0.1768673696,-0.301537924882735
414,1.14,1.38,1.28,1.46,-0.0302,0.2214416547,-0.445094612897633
414.5,1.22,1.2,1.28,1.22,-0.015,-1.667273219,-0.743663612002597
415,1.26,1.2,1.24,1.32,-0.0002,1.772023468,0.282909495455418
415.5,1.24,1.3,1.28,1.28,-0.0232,1.299859451,0.475987998371184
416,1.28,1.24,1.28,1.34,-0.0204,-0.1900811475,0.284045941896051
416.5,1.26,1.32,1.3,1.26,-0.0128,-1.893993749,-0.201512899412226
417,1.16,1.2,1.3,1.26,-0.0214,0.3899712864,-0.149831165831179
417.5,1.28,1.2,1.26,1.28,-0.028,-2.402253508,-1.01773872213471
418,1.22,1.28,1.32,1.36,-0.0102,-5.321325088,-2.16208654459032
418.5,1.24,1.22,1.22,1.26,-0.0074,2.161770053,-0.935245432478945
419,1.22,1.24,1.24,1.3,0.0008,-4.643803017,-1.68767518266281
419.5,1.28,1.26,1.36,1.18,-0.0118,-0.8590020626,-1.5372683257665
420,1.18,1.24,1.24,1.32,0.0028,1.420104185,-0.453978817335102
420.5,1.28,1.22,1.32,1.26,-0.0118,0.3296294008,-0.20698148969523
421,1.2,1.2,1.32,1.34,-0.0082,-0.7570331344,-0.241727962037712
421.5,1.18,1.2,1.26,1.26,-0.0184,-4.65184696,-1.60360212434304
422,1.22,1.16,1.18,1.26,-0.0308,-0.5794652379,-1.80783898338048
422.5,1.24,1.18,1.3,1.18,-0.01,-0.6736740195,-1.50147798057058
423,0.98,0.96,1.06,0.96,-0.0102,-1.746322775,-1.55521373887449
423.5,0.76,0.74,0.86,0.8,-0.029,2.052009888,-0.909313035279425
424,0.44,0.48,0.52,0.56,-0.0298,-4.051327691,-2.06887205207234
424.5,0.2,0.26,0.26,0.34,-0.0088,-3.174898613,-2.30459635555997
425,0.1,0.16,0.02,0.06,0.0008,1.466231926,-0.996240527637159
