0,51.5092544613452,-0.16104548490271,-0.0160045250227091,0.0472025475672951,-1.542892291
0.5,51.5092544164624,-0.161045481548011,-0.00577508398439246,-0.03224990198179,-3.797893258
1,51.5092550000198,-0.16104550640733,0.224790361333838,0.0167068556773858,0.7524558213
1.5,51.509256752594,-0.161045477795371,0.505609468984938,-0.00494090936205573,0.4148978505
2,51.5092593590371,-0.161045482967861,0.632037166709917,0.00223766373270158,-0.5568027645
2.5,51.5092628642287,-0.16104548493271,0.883515715025183,-0.00203016974359954,0.5167194414
3,51.5092674929529,-0.161045430987679,1.13249002762076,0.0141549090582977,0.3166329071
3.5,51.5092727055001,-0.161045326849336,1.1790562706137,0.0146735441872188,1.111880414
4,51.5092786768328,-0.161045515441873,1.43349284783512,-0.0547889695173455,-3.369979983
4.5,51.5092843343201,-0.161045819941305,1.13666584469591,-0.0335251543443633,-0.4772283428
5,51.5092898169189,-0.161045875962596,1.27828779443727,0.010243722389939,-0.2534171881
5.5,51.5092957488231,-0.161045843084721,1.34911542566856,0.00059025101803712,0.6497443109
6,51.5093019039461,-0.161045941378939,1.38397504613851,-0.0236156237227293,-1.791630201
6.5,51.5093079658515,-0.161045858013451,1.32431090103203,0.0362094394296567,2.774989593
7,51.5093136247964,-0.16104569459001,1.21364420464121,0.0132296473120056,-0.7101913623
7.5,51.5093195558194,-0.161045638165743,1.39403248857477,0.00405824612569719,1.390454435
8,51.5093254396917,-0.161045715906167,1.24992467136582,-0.0211914684896057,-2.335209994
8.5,51.5093314108092,-0.161046141597164,1.38380322950214,-0.0856506956586836,-2.759249961
9,51.5093371136063,-0.161046500645752,1.18858816463076,-0.0247982305170949,-1.74049108
9.5,51.5093430666507,-0.161046057703516,1.4199020824807,0.121915628661676,7.057184779
10,51.5093487923023,-0.161045221906344,1.17196428115611,0.111949616599178,3.352186932
10.5,51.5093544490605,-0.161044843514222,1.31945975416519,0.0109550022827052,1.428251974
11,51.5093599749111,-0.161044616884601,1.16669328474946,0.0458275784276622,1.503775517
11.5,51.5093658161421,-0.161044504023523,1.39293162171882,-0.00543837322029654,-0.122233788
12,51.5093714786071,-0.161044526268448,1.16694132035993,-0.0014440673199913,-0.1586778482
12.5,51.5093773207672,-0.161044506283433,1.39310946549134,0.00572832180645457,0.4032885675
13,51.5093830274819,-0.161044570730111,1.18355559777833,-0.019222500335326,-1.210806646
13.5,51.509388822536,-0.161044823295785,1.36366030699851,-0.0461625151675026,-1.904887445
14,51.5093944375502,-0.16104509151876,1.1694817252567,-0.0310004138118718,-1.509882894
14.5,51.5094001431736,-0.161045103197579,1.33968231786063,0.0189434986084242,1.363516793
15,51.5094055313692,-0.161045232121167,1.10046557719522,-0.0436929234046045,-3.074326171
15.5,51.5094111337255,-0.161045874062829,1.34892991047062,-0.120945570821804,-5.105256761
16,51.5094169164053,-0.161046503016529,1.24321747886982,-0.0638028832301219,-2.660231442
16.5,51.5094227105784,-0.161046727983115,1.32156387017008,-0.00844143097674638,-0.1155565323
17,51.5094285964541,-0.161046877767565,1.30141062589524,-0.0294476708404769,-1.703992539
17.5,51.5094346592827,-0.161047230189727,1.38245557789027,-0.062575997883512,-2.450731057
18,51.509440497513,-0.161047572180688,1.24076319569222,-0.0369238702126319,-1.736092066
18.5,51.5094465178393,-0.161047786004329,1.40883102346085,-0.0246264188779506,-0.8031790014
19,51.5094521341483,-0.161047966540172,1.13835218369853,-0.0253770360924658,-1.495078113
19.5,51.5094581969787,-0.161047874313142,1.49659714004815,0.0395341349877379,2.582790614
20,51.5094639459871,-0.161047586722491,1.12711332588176,0.0402119302038467,0.9931073171
20.5,51.5094694731629,-0.161047541378832,1.30183731289244,-0.0174449734662787,-0.4064915438
21,51.5094750898405,-0.16104768025433,1.21338722141078,-0.0205700972073986,-1.361401003
21.5,51.5094808345916,-0.161047473021859,1.32374982551876,0.0633163123437685,3.940436916
22,51.5094863997535,-0.16104727659643,1.17856118245261,0.0020448174939968,-1.416992309
22.5,51.5094917894659,-0.161047561989599,1.2138242456603,-0.0687984410138626,-2.367991616
23,51.5094974033138,-0.161047611309976,1.27392593595914,0.0365168334781473,1.739780861
23.5,51.5095028841761,-0.161047386466849,1.18154902414215,0.0275124311872239,1.193001322
24,51.5095085874599,-0.161047518308783,1.33035033252793,-0.0503799833900575,-2.845885151
24.5,51.5095142913607,-0.161047740621239,1.2264228344497,-0.0172108490201797,0.05944295063
25,51.5095201329109,-0.161047633957027,1.35124206858831,0.0372256700904567,1.246173389
25.5,51.5095260642292,-0.16104757030307,1.2978260036194,-0.0110324611881076,-0.4787917762
26,51.5095318614158,-0.161047623796941,1.28447803984502,-0.00490449669921711,-0.181028403
26.5,51.5095375616557,-0.161047962166598,1.25714868583627,-0.0764389443886379,-4.061681673
27,51.5095433063191,-0.161048372371797,1.29308372159354,-0.0433215841824107,-1.040934874
27.5,51.509549097525,-0.161048167687873,1.28553522912596,0.0786406968724478,3.567833442
28,51.5095549788488,-0.16104792239285,1.32490890778067,0.00285333215487511,-0.5861670667
28.5,51.509560775881,-0.161047927907167,1.26546154579195,-0.00329898530402191,0.5181482074
29,51.5095665652504,-0.16104822676042,1.30417605066144,-0.0682349167233321,-4.208093229
29.5,51.5095723967613,-0.161048777244559,1.29301716669061,-0.082177131387248,-2.534165543
30,51.5095782321982,-0.161049227556748,1.30231348850215,-0.0487720168346924,-2.97959863
30.5,51.5095841597913,-0.161049563665167,1.33066688787079,-0.0451978333417753,-1.073274515
31,51.5095899554707,-0.161049521880611,1.26091926030443,0.0415017083731661,1.588801738
31.5,51.5095956167816,-0.161049430579073,1.25891381728327,-0.00749951283425523,-0.4356420293
32,51.5096013194902,-0.161049204934837,1.27597750325031,0.0585128631681219,3.264413204
32.5,51.5096068869571,-0.16104904429306,1.21287379483942,-0.00303960128843303,-1.201424459
33,51.5096113740828,-0.161049391655097,0.848375608164344,-0.079866889332667,-4.329777629
33.5,51.5096150528885,-0.161049713896698,0.797753485218304,-0.020158117027453,-1.927503435
34,51.5096174338588,-0.161049743719086,0.342244602280864,0.00707112516441875,1.031886251
34.5,51.5096185358969,-0.161049481515634,0.177307084242734,0.0569431780489022,15.8578823
35,51.5096196914576,-0.161048717365611,0.313009863696898,0.140516920747744,28.98856069
35.5,51.5096205825977,-0.161047648621443,0.117993057099765,0.153914558413894,44.63179624
36,51.5096213862241,-0.161045942270456,0.221400198629383,0.29504290338365,61.28178648
36.5,51.5096218138207,-0.161044142127473,0.00677085097347027,0.218392602519927,77.03857275
37,51.5096219877754,-0.161041867063177,0.0610638631870324,0.384152696268303,88.9898549
37.5,51.5096218475461,-0.16104009947814,-0.0957905381395334,0.148330467556986,105.5011013
38,51.5096213959255,-0.161038227762918,-0.103785422880145,0.33798590015068,116.7791812
38.5,51.5096208174729,-0.161036779575221,-0.146166927488016,0.105253692240134,128.4680267
39,51.5096200410917,-0.161035605283547,-0.191372171264112,0.203513253000339,144.8426987
39.5,51.5096189558382,-0.16103481387506,-0.276568544399715,0.0443522201257225,166.2214273
40,51.5096179814525,-0.161034611315439,-0.174992096024098,0.0167675242982819,178.9961266
40.5,51.5096166334097,-0.161034577561819,-0.387442373931931,-0.00376974476778237,179.2135801
41,51.5096142070429,-0.161034507897803,-0.646634990415821,0.0190829721708653,178.7336114
41.5,51.5096108467677,-0.161034739594126,-0.818478473274446,-0.0680498680684162,186.1938065
42,51.5096064133717,-0.161035300157449,-1.10412751523792,-0.0846857641871805,182.8288062
42.5,51.509600985175,-0.161035219467216,-1.2804858475879,0.0783269234928191,176.1082852
43,51.5095949730424,-0.161034679232703,-1.37792595153527,0.0726932531269628,177.4730856
43.5,51.5095891360127,-0.161034661456581,-1.24348006648349,-0.0466892316268771,182.3091496
44,51.509583206921,-0.16103475557617,-1.37241730023249,0.0104655722541442,178.8259156
44.5,51.5095772314447,-0.161034778789281,-1.29970761377505,-0.0128053463394862,181.4518658
45,51.5095714826472,-0.161034698108916,-1.26485647764834,0.0280083139899504,177.5446212
45.5,51.5095659578908,-0.161034580440032,-1.20450211735683,0.00816988213628707,180.9324968
46,51.5095600275053,-0.161034800900327,-1.40019131107947,-0.0577585050057453,181.725246
46.5,51.5095542769428,-0.161034854120631,-1.19518547004694,0.0278683149990354,178.9365218
47,51.5095486645126,-0.161034512329428,-1.28643696980587,0.0611719109602793,176.710921
47.5,51.5095431877137,-0.161034119639502,-1.17125442197814,0.0498740366103726,178.1654585
48,51.5095377068436,-0.161033899888837,-1.25342222539694,0.0169602788050043,178.968162
48.5,51.509531778996,-0.161034054643415,-1.36498716592715,-0.0484019896068432,182.8984399
49,51.5095258974516,-0.161034461407853,-1.26937615883702,-0.0621353032435344,182.0438236
49.5,51.5095201559484,-0.161034260861114,-1.28332910829738,0.0908337512195449,175.4589093
50,51.5095143279118,-0.161034164986521,-1.30629586592913,-0.0409524340716283,183.3648131
50.5,51.5095085395395,-0.161034195740694,-1.27521497069705,0.021407182312781,177.0151049
51,51.509502800599,-0.161033581040728,-1.27827257483574,0.130114898602889,175.3372112
51.5,51.5094970579241,-0.161033256140759,-1.27754487095202,-0.0143877818535677,180.6189011
52,51.5094916254334,-0.161033570736634,-1.16071799550805,-0.0641889272700526,183.5202295
52.5,51.5094859725501,-0.161033600649655,-1.32586680923669,0.0378712777620619,176.8581545
53,51.5094801810882,-0.161033494636451,-1.26268403363107,-0.00148546533291065,181.832974
53.5,51.5094747518859,-0.161033950576915,-1.16987660835099,-0.106584986817347,184.1665837
54,51.5094688746912,-0.161034475993863,-1.40430813276153,-0.0494152703921504,182.2194077
54.5,51.5094632600418,-0.161034756678752,-1.14089054865396,-0.0316650349869059,181.3541424
55,51.5094575141005,-0.161034577677997,-1.37494788638819,0.0644186939971252,176.4185339
55.5,51.5094515432543,-0.161034202070948,-1.29618461391775,0.0435690564409202,179.0855381
56,51.5094459737944,-0.161033931194314,-1.19948277632619,0.0334421688963271,177.4377425
56.5,51.5094400471479,-0.16103352315026,-1.40229038789388,0.0729094119742308,177.642139
57,51.5094342078121,-0.16103324991487,-1.22729719674231,0.0134607217591726,179.0128719
57.5,51.509428142102,-0.161033276667296,-1.43542516913155,-0.0157374255860931,181.3025015
58,51.5094221875802,-0.161032808520002,-1.24767530824377,0.121522559092239,173.0801385
58.5,51.5094164621189,-0.161031956892285,-1.29245134560652,0.115961306043593,176.3141083
59,51.5094105810889,-0.161031684731009,-1.31995657132488,-0.0169291171090505,180.3776513
59.5,51.5094046092882,-0.161031433953005,-1.33503955654173,0.0710466550284828,176.6202178
60,51.5093988175029,-0.161031244219975,-1.25638535302252,-0.0049460761566874,181.037631
60.5,51.509392840989,-0.161031300691099,-1.38132230812202,-0.00986778698768427,179.6380138
61,51.5093868234706,-0.16103100869294,-1.30937762325972,0.0758337892957884,176.8932199
61.5,51.509381076003,-0.161030858157387,-1.25758423044986,-0.0175496416743352,181.2340768
62,51.5093752794582,-0.161030993799475,-1.31240450783469,-0.0197336541514621,180.4390912
62.5,51.5093694377067,-0.161030951694328,-1.29113107208467,0.0237525066623753,179.0455207
63,51.5093636103074,-0.161031338566683,-1.30059329644891,-0.107948249359902,185.6989735
63.5,51.5093576935087,-0.16103191116714,-1.32778772992964,-0.0595989881730482,181.2126983
64,51.5093518551787,-0.16103223128331,-1.27906850661512,-0.0338443778762095,182.7064795
64.5,51.5093463334522,-0.161032641541173,-1.19340743802148,-0.0731506328838055,182.6025672
65,51.5093405842597,-0.161032905577418,-1.3394158177621,-0.0111205323835337,180.6805269
65.5,51.5093347424109,-0.161032908097902,-1.27225994997602,0.00718941030301101,179.3503248
66,51.5093290353335,-0.16103280769713,-1.26828781227673,0.0186671045236432,179.3917598
66.5,51.5093232384859,-0.161032692524345,-1.30502652791986,0.0141196688266844,179.1876089
67,51.5093174866173,-0.161032572248177,-1.26229481320805,0.0185075358372527,179.3172173
67.5,51.5093119645817,-0.161032242006256,-1.20526591010975,0.0649986545395035,176.408362
68,51.5093060390515,-0.161032052357211,-1.39781984159543,-0.000732209457760064,181.3033456
68.5,51.5093003773876,-0.161032190707094,-1.1632168862321,-0.0321450873031731,180.4438717
69,51.5092945395571,-0.161031972344975,-1.39407914496765,0.0740461733949696,176.8819344
69.5,51.5092889266178,-0.161031807490944,-1.14740389731487,-0.0129183458666415,181.0181271
70,51.5092830399628,-0.1610319222334,-1.42361754978144,-0.0180422445897831,180.3756078
70.5,51.5092771090053,-0.161031823829351,-1.24702669972224,0.0358579611902785,178.4380261
71,51.509271361897,-0.161031449638288,-1.30109393601085,0.0632276727233387,176.9087776
71.5,51.5092655725651,-0.16103143543993,-1.27921915986216,-0.0409078311062641,182.9158523
72,51.5092607682383,-0.161031510969478,-0.921924412331491,0.0108066378779417,178.208278
72.5,51.5092574033029,-0.161031223576298,-0.627538601335469,0.0602748768190429,175.6902402
73,51.5092547112701,-0.161030998143649,-0.579063526706585,0.0110212513584093,178.3271878
73.5,51.5092533026462,-0.161030639683627,-0.127508927439638,0.0769000727555665,163.6268162
74,51.5092521255547,-0.16102979005804,-0.356013181236164,0.146725165906884,147.8783262
74.5,51.5092513575597,-0.161028808293324,-0.0413074679478672,0.129039217631061,134.9625437
75,51.5092508231706,-0.161027667895422,-0.17323317342685,0.178864957123623,118.8464454
75.5,51.5092503132797,-0.16102546402214,-0.0716179873838574,0.395021692638149,101.8394316
76,51.5092502004708,-0.161023611533249,0.00745930797838891,0.16076723425109,89.30797095
76.5,51.5092503463953,-0.161021765960362,0.0499787026365519,0.323112820967342,76.24935357
77,51.5092508021548,-0.161019905816589,0.137419350666386,0.212910383004357,60.87664145
77.5,51.5092513177029,-0.161018833960619,0.0988276879466013,0.103975724456787,43.87362295
78,51.5092522528037,-0.161017739900781,0.284549978270845,0.185471231456123,28.39198669
78.5,51.5092534527621,-0.161016957273863,0.254734556638698,0.0549102289369412,15.89954157
79,51.5092546866837,-0.161016648016683,0.288452911270892,0.0345633930448857,1.878118985
79.5,51.5092560793124,-0.161016588478571,0.324885698961871,-0.0101403279291563,1.178230504
80,51.5092585504763,-0.161016590864182,0.707370401005122,0.0065351030727981,-1.247261523
80.5,51.5092620099022,-0.161016722347579,0.813470247428024,-0.0356113911696122,-1.470001671
81,51.5092665480863,-0.161016793495209,1.14727236354675,0.00813348892319954,0.3489886275
81.5,51.5092719858154,-0.161016766395344,1.25389025823098,0.000703513112213117,0.007375750934
82,51.5092779172963,-0.161016666864602,1.36603381645677,0.0230018879524371,1.19246696
82.5,51.5092836240727,-0.161016551741059,1.20253226582522,0.0110737209594628,0.2499684553
83,51.5092894606387,-0.161016822298676,1.36608007882278,-0.0716170277182826,-3.563775722
83.5,51.5092950721325,-0.161017196324284,1.16645642705535,-0.0381572258989934,-1.199640368
84,51.5093007321214,-0.161017126358591,1.32453768853684,0.0432255327321506,2.083547841
84.5,51.5093067071898,-0.161016934972209,1.33306886908598,0.0149190756221047,0.2065610434
85,51.5093125942337,-0.161016875382754,1.2937991846333,0.00362279630617534,0.5172281853
85.5,51.5093183905528,-0.161016946923809,1.28696867909912,-0.0194232915439267,-1.399779894
86,51.5093240521469,-0.161017082565183,1.24078631351728,-0.0184219669343634,-0.313257077
86.5,51.5093298010556,-0.161016883379494,1.3061432887612,0.0599133361070187,2.790397631
87,51.5093356335206,-0.161016963106463,1.29200107346847,-0.060758954893267,-3.767833114
87.5,51.5093414239205,-0.16101736573499,1.2859882349025,-0.0525095304670412,-1.201168465
88,51.5093471736765,-0.161017291627415,1.27482250768948,0.0542498239684354,2.122782837
88.5,51.5093531020747,-0.161016955161204,1.3502152203154,0.0414482326572211,1.933871159
89,51.5093588523338,-0.161016882463398,1.23005391201433,-0.0118533916388187,-1.029867495
89.5,51.5093646490471,-0.161017008324987,1.33173951908175,-0.0214123434665118,-0.5226269718
90,51.5093705344262,-0.161016891940838,1.29410001606885,0.042461197978518,1.936604614
90.5,51.5093763739131,-0.161016606037506,1.30308756607448,0.0377648284938377,1.563287019
91,51.5093822120631,-0.161016690619536,1.29629057645987,-0.0464010203682035,-2.599230597
91.5,51.5093880511914,-0.161016943343663,1.30141852863733,-0.0271749642461038,-0.4948965034
92,51.5093937104752,-0.161017194514725,1.2297975149284,-0.0402665942235149,-2.677899102
92.5,51.5093996842451,-0.161017439771841,1.39889581046653,-0.0297064554590545,-0.2572019169
93,51.5094053902036,-0.161017605279148,1.17921946527594,-0.0182735630599162,-1.816689442
93.5,51.5094115005492,-0.161017767233495,1.4859642497465,-0.0254379047986055,-0.07841013443
94,51.5094175151181,-0.16101743501654,1.23501250299873,0.0962264897520991,4.026528302
94.5,51.5094233945115,-0.161017014807424,1.35954464810381,0.0318319891941381,1.080754868
95,51.5094291907877,-0.161016840033804,1.24093065500336,0.0189729858100378,1.075103321
95.5,51.5094348947918,-0.161016960880717,1.28905579006326,-0.0418070455806289,-2.589972075
96,51.5094405535847,-0.16101727350657,1.23826570194321,-0.0445304992302016,-1.358905388
96.5,51.5094464398045,-0.16101734018229,1.35984973969899,0.0154325264950483,0.5489362493
97,51.5094524107078,-0.161016990391646,1.30677491142075,0.0717654023624433,3.63822047
97.5,51.5094580653996,-0.161016528455196,1.22431101024056,0.0588044220161689,2.198137092
98,51.5094637694392,-0.161016215985103,1.30070300171089,0.0325955317694557,1.717488412
98.5,51.5094693847758,-0.161015964487832,1.21367408281077,0.0365491006250176,1.484270973
99,51.5094752690631,-0.161015672489624,1.37633283190095,0.0433418467504729,2.062978689
99.5,51.5094810195441,-0.161015490891551,1.21185555097754,0.0125269521248903,0.1948708172
100,51.5094868150929,-0.161015635858161,1.34403789278264,-0.0429882460841862,-1.983343144
100.5,51.5094922510492,-0.16101573454787,1.11548378553763,0.00679606148501559,0.6852036525
101,51.5094981829436,-0.16101569358401,1.46307485656054,0.00491227703625975,-0.1914063119
101.5,51.5095039795342,-0.161015607366896,1.16857847708089,0.0169129550287751,1.254942556
102,51.5095095054357,-0.161015385658465,1.27232980936233,0.0404951980334795,1.613407915
102.5,51.5095154774569,-0.161015494067985,1.3684617840004,-0.0539366983038095,-2.911397805
103,51.5095213604239,-0.161015654331201,1.26748204990557,-7.44274889278446e-05,0.9636202415
103.5,51.5095267490757,-0.161015811166206,1.15117861527845,-0.0369687841300928,-3.044556763
104,51.5095323610555,-0.161016201973184,1.31707138758829,-0.0663717779058366,-1.931859673
104.5,51.5095377494776,-0.161016547455135,1.1163792060737,-0.0350907070168288,-2.650358628
105,51.5095434986978,-0.161016791549627,1.39334619105266,-0.0330549582660499,-0.3848670988
105.5,51.5095490246179,-0.161016975597353,1.11499948414975,-0.0203059505914816,-1.996392903
106,51.5095549093859,-0.161017237360389,1.44558695633382,-0.0475749282590905,-1.183488355
106.5,51.509560749966,-0.161017458895509,1.19746035325448,-0.0189908486145106,-1.528256914
107,51.5095663658651,-0.161017482676722,1.28615679986487,0.00768004668078623,1.225456128
107.5,51.5095722936614,-0.1610176166982,1.34205359489311,-0.0370117544017476,-2.842030076
108,51.50957777171,-0.161017969760079,1.13279553002806,-0.0574318920103308,-1.764078476
108.5,51.5095835137994,-0.161018474152687,1.37915738034409,-0.07885934127159,-4.510831941
109,51.5095894298857,-0.161019170817659,1.27252355615397,-0.109245917897588,-3.89445846
109.5,51.5095954897382,-0.161019537695462,1.40155105156325,-0.010129188393305,-0.4326315492
110,51.5096013768367,-0.161019574563738,1.24588248174611,-0.00161230590930942,-0.01517691345
110.5,51.5096069044451,-0.161019548752039,1.21886282177676,0.00722145182196014,0.3490804451
111,51.5096117565349,-0.16101965808762,0.982241760401537,-0.030863618922461,-1.960271158
111.5,51.5096151635067,-0.161020007792886,0.601218140505667,-0.0609431935992227,-5.369385488
112,51.5096174943206,-0.161020258740327,0.460846251790761,-0.0165757606933681,-2.317773326
112.5,51.5096191367605,-0.161020024506852,0.298708866145158,0.0668937048470274,12.48868127
113,51.5096201730639,-0.161019383478458,0.182916051247622,0.104488773985018,29.72389387
113.5,51.5096209417312,-0.161018414648541,0.162729767942408,0.155549574523706,46.6462855
114,51.50962151274,-0.161017060175734,0.10209006234561,0.210837781127853,65.26868203
114.5,51.5096220921793,-0.161014570427751,0.147726931917341,0.440117043954154,73.8242971
115,51.5096222420721,-0.161012805657876,-0.0467075102785368,0.108490920345039,90.67347065
115.5,51.5096220935545,-0.16101096116915,-0.0234858878891768,0.359446796781097,104.0317368
116,51.5096217065224,-0.161009362325828,-0.129966154335032,0.125793237558961,118.3735779
116.5,51.5096211559633,-0.161008150736546,-0.11728888413236,0.197939651523151,133.7516034
117,51.5096202095385,-0.161006966389751,-0.275910803867249,0.141006595129304,150.277436
117.5,51.5096191844445,-0.161006257050329,-0.194634430305038,0.0687345327623065,163.0133889
118,51.5096180414912,-0.161005988176981,-0.296111618681866,0.015353222714706,180.2845
118.5,51.5096165135872,-0.161005979225892,-0.37069652535258,-0.00863435645018291,179.29659
119,51.5096142677193,-0.161005878799391,-0.590078084896424,0.0297496680843995,177.5067658
119.5,51.509610678366,-0.161005557358433,-0.944723896486196,0.0550511943181362,176.0962331
120,51.5096056964733,-0.161005190807976,-1.22324083970553,0.047988207965689,178.646289
120.5,51.5096001696315,-0.161005060445024,-1.23442197901644,-0.00281963517614152,179.6672015
121,51.5095942825957,-0.161004994781354,-1.36284919782785,0.0174736234205112,179.5352364
121.5,51.5095886206688,-0.161005039815374,-1.1877960940009,-0.0228617972430822,181.0335065
122,51.5095831384936,-0.161005081850288,-1.24233684508729,0.00608093369403718,179.5147668
122.5,51.5095772065697,-0.161005079121389,-1.37428900671659,-0.00361249790944014,180.4523378
123,51.5095714120068,-0.161005314320498,-1.22996167178327,-0.0529899196639306,182.4494484
123.5,51.5095655275704,-0.16100548669323,-1.36498806494505,-0.00359558495183617,179.6449469
124,51.5095596900381,-0.161005721815753,-1.25272678458695,-0.0529836948762327,183.2345518
124.5,51.5095538977259,-0.161006058306066,-1.31420382166479,-0.0423398659055332,180.9176066
125,51.5095480116781,-0.16100624083091,-1.30662814177114,-0.0134470422134962,181.2995047
125.5,51.5095421291401,-0.161006590162512,-1.31060341809122,-0.0730467273400531,182.944912
126,51.5095362911076,-0.161006758003228,-1.29098521812295,0.0115139356801679,179.110637
126.5,51.5095305129064,-0.161006158387167,-1.28208500930475,0.133479535630154,173.4793609
127,51.5095247358187,-0.161005483323759,-1.28789396272502,0.0659129723708813,178.1797683
127.5,51.5095188146895,-0.161004952279419,-1.3383155909495,0.0792138964371369,175.413785
128,51.5095131169714,-0.161004677673593,-1.21850865525188,0.00937096542907657,181.1409572
128.5,51.509507277521,-0.161004588724307,-1.35598791191111,0.0144368018197637,177.7698587
129,51.5095011236753,-0.161004295610449,-1.3786816821287,0.059083769853191,178.8252296
129.5,51.5094952842749,-0.161004382423883,-1.24384784911751,-0.0618509540294394,182.2378119
130,51.5094897143723,-0.161004647297447,-1.23628607457587,-0.0192277570417554,181.1616301
130.5,51.509483872767,-0.161004765588113,-1.34435886010205,-0.0144630943042641,180.2862722
131,51.5094781204736,-0.161004810419419,-1.23492304597069,-0.000458269785250324,180.2710176
131.5,51.5094725070541,-0.161005074519866,-1.25899495834696,-0.0620201652537783,183.0922477
132,51.5094668056963,-0.161005488427105,-1.27540991323581,-0.054288768661378,182.0954201
132.5,51.5094610560039,-0.161005761914425,-1.2822034156756,-0.0265546052179671,181.3048187
133,51.509454855092,-0.161005902950037,-1.44813498840815,-0.0147032690106282,180.3214356
133.5,51.5094491028768,-0.161005967440914,-1.16225016814469,-0.00493080156281204,180.4802434
134,51.5094433959088,-0.161005933852571,-1.34525346381965,0.0113801000230881,179.0989082
134.5,51.5094375160701,-0.161005535013153,-1.28254460529579,0.0861801127418928,176.0535893
135,51.5094316807575,-0.161005219770533,-1.30959745201988,0.0140870603051924,180.0848668
135.5,51.5094259298878,-0.161005374870747,-1.25871748742601,-0.0464724108132472,181.8434684
136,51.5094202239767,-0.161005544024196,-1.27732652009991,-0.00739805805159596,180.2761176
136.5,51.5094145629098,-0.161005424194012,-1.24733659366741,0.0334646112789893,178.2103649
137,51.5094085876037,-0.161005342400613,-1.38719975347495,-0.00411785530302659,180.8108387
137.5,51.5094027472442,-0.161005254204195,-1.23824798287474,0.0237013098703922,178.1093611
138,51.5093968617175,-0.161005070176384,-1.35960006654668,0.0268489504722487,179.6550705
138.5,51.5093911096614,-0.161004981257726,-1.22416441700458,0.00219503594495045,179.2395757
139,51.5093854477404,-0.161004988230403,-1.28487315049638,-0.00318242971653641,180.8484847
139.5,51.5093795176036,-0.161004899576081,-1.34383752242713,0.0231546109978637,178.0825399
140,51.50937349738,-0.161004700028822,-1.33664046968098,0.0308950385849679,179.5476345
140.5,51.5093677919253,-0.161004829783891,-1.22260781082981,-0.0522553031851453,182.0784763
141,51.5093620445854,-0.161004782000464,-1.31827496127084,0.0478580254016975,177.3270238
141.5,51.5093561612385,-0.161004464195792,-1.30275659917902,0.0415174200508158,178.8118255
142,51.5093505938556,-0.161004114629908,-1.19409677834935,0.0534531118711974,176.7007077
142.5,51.5093451612285,-0.161003768923001,-1.21918331576852,0.0441872227980267,178.7513444
143,51.5093392755378,-0.161003775602251,-1.37300737009308,-0.032507698664503,181.3298032
143.5,51.5093334854708,-0.161004193217946,-1.22915802628893,-0.0758231654916651,183.824213
144,51.5093279194181,-0.16100456113957,-1.2451125555038,-0.0337720191933952,180.8997608
144.5,51.5093220351351,-0.161004439422762,-1.35432436574569,0.0523717806852356,177.6212039
145,51.5093163777294,-0.161004055381314,-1.19205306134205,0.0539931110969974,177.5276212
145.5,51.5093105383004,-0.161003815894432,-1.37449869766683,0.0187359412611976,179.5403899
146,51.5093048779658,-0.161003952348016,-1.1790389839947,-0.0453251685841356,182.1832872
146.5,51.5092992632194,-0.161004228196676,-1.29861573469146,-0.0333867513439961,181.3286812
147,51.5092936016177,-0.161004374815311,-1.23263641048447,-0.0112387631888088,180.5229649
147.5,51.5092877600563,-0.161004509133158,-1.34689695597373,-0.0238387445580415,181.1211076
148,51.5092819635412,-0.161004658775616,-1.24987451082871,-0.018636153607257,180.7247421
148.5,51.5092761220877,-0.161004626736578,-1.33478948578156,0.0206081602558259,178.8830621
149,51.509270550028,-0.16100455229601,-1.17344289749488,0.0031460742504875,180.1616594
149.5,51.5092649326852,-0.161004616877146,-1.30351516144543,-0.0174467093199259,180.6604195
150,51.5092603489541,-0.161004640507732,-0.821470550397205,0.00663466679232472,179.7082185
150.5,51.5092569337338,-0.161004582418652,-0.716878159135342,0.00906773506272306,179.0755794
151,51.5092547771459,-0.161004507032967,-0.313978090207426,0.0114474741847129,178.4252312
151.5,51.5092530078881,-0.161004110633578,-0.449489153157002,0.0855573605068404,165.6569998
152,51.5092518874617,-0.16100340430376,-0.109191846132615,0.10683992567041,151.3951269
152.5,51.5092508983205,-0.161002298439722,-0.297737483965732,0.186252711428956,138.8018217
153,51.5092501564037,-0.161000964750412,-0.0722355851151801,0.184442221731552,124.6302753
153.5,51.5092497871003,-0.160999675497646,-0.089134983685788,0.175220262552532,104.6838603
154,51.5092496738121,-0.160998258655343,0.0195399087329436,0.211793312953889,89.91980306
154.5,51.5092498566736,-0.160996285242559,0.055494801273209,0.317571373918897,73.18741568
155,51.5092503003636,-0.160994562743434,0.128992437813942,0.184298226852826,61.95210193
155.5,51.5092507576301,-0.160993602054592,0.0826797921849126,0.0977631067778629,43.37738353
156,51.5092517748873,-0.160992309042819,0.326931609550988,0.236782950227624,33.46329679
156.5,51.5092529430315,-0.160991435160216,0.21303277449114,0.0405330643355935,16.58500723
157,51.5092540428498,-0.160991208547799,0.266915712254266,0.0251190106588081,-1.931795183
157.5,51.5092554354197,-0.160991220501593,0.339939532271169,-0.0204050159689196,1.317989498
158,51.5092575022609,-0.160991155114797,0.543885825234802,0.0297181481250717,0.9439074237
158.5,51.5092612304115,-0.160991231316106,1.02956256503523,-0.0387901188815811,-2.405383392
159,51.5092657224274,-0.160991361886377,0.978543408941382,-0.00366819126292446,0.3271151924
159.5,51.5092712492529,-0.160991230752921,1.40570398478826,0.0335219451576747,1.369378178
160,51.5092772250012,-0.160991032154873,1.27650983880312,0.0234139420577953,1.006731672
160.5,51.5092831530632,-0.160991182852642,1.3489070059614,-0.0519621410916713,-2.824354163
161,51.5092889018566,-0.16099144309937,1.23041537253838,-0.0250580332152629,-0.4118735072
161.5,51.5092944740084,-0.160991548583433,1.24653964153827,-0.00735900516000194,-0.9417242614
162,51.5093000430968,-0.160991410200614,1.23409381176532,0.037816715533449,2.718403932
162.5,51.5093058368455,-0.160991124059902,1.32779031033835,0.0410721109409025,0.8120322924
163,51.5093113192806,-0.160991050559561,1.14443924230203,-0.0114006479313529,0.1465987343
163.5,51.5093174307343,-0.160990956811662,1.51072976201068,0.0301097367203722,0.9502568654
164,51.5093233624305,-0.160990894761331,1.18632786777268,-0.00642977634331406,-0.2022515673
164.5,51.509328881726,-0.160990566428702,1.25740644658065,0.0820040619629206,4.454088776
165,51.5093346210647,-0.160989955478385,1.2908893008597,0.0868125212405846,3.146583908
165.5,51.509340589533,-0.160989442148058,1.35412629915128,0.060403298539935,2.997583603
166,51.5093462030418,-0.160989154615311,1.17558650040389,0.0255900337167144,0.6638444436
166.5,51.509352179717,-0.160989045529605,1.43794277320597,0.00783674426348674,0.6412284846
167,51.5093581113684,-0.160989058285888,1.23726178686076,-0.00849685132538744,-0.7950062597
167.5,51.5093639961345,-0.160988944199675,1.36000277385553,0.0328779305737284,2.181213059
168,51.5093701914636,-0.160988496866494,1.39156365074523,0.0825787611666664,2.978413856
168.5,51.5093760739039,-0.160988144171303,1.25111164437414,0.0254488051830132,1.3069197
169,51.5093817804233,-0.160988088173248,1.28288080276638,-0.00459578651001755,-0.6052361351
169.5,51.5093875768654,-0.160988035322306,1.29465830544121,0.0156925477833528,1.257212072
170,51.5093931909583,-0.160988136460138,1.21743513808605,-0.0348584281725942,-2.545345119
170.5,51.5093990740901,-0.160988477581397,1.37326321677614,-0.0561209634859499,-1.598998116
171,51.5094050949045,-0.160988628112724,1.31626605149587,0.00375167560526693,-0.1886468871
171.5,51.5094105776088,-0.160988643864289,1.15260809858571,-0.00634433774718169,-0.01678754455
172,51.5094163298208,-0.160988598289366,1.36911789739955,0.0151990182702225,0.5833297502
172.5,51.5094218113672,-0.160988433098064,1.11517377883525,0.028354166826759,1.571324552
173,51.5094277873044,-0.160988296456629,1.47995255025295,0.0124063497498063,0.06357684109
173.5,51.5094333550503,-0.160988028097373,1.07019702579439,0.0546618594602149,3.381912105
174,51.5094391472284,-0.160987720569436,1.44192400993722,0.0343287753417161,0.4132328673
174.5,51.509444944444,-0.160987674505088,1.18362066528013,-0.013156638661832,0.1549477323
175,51.5094508312888,-0.160987732015075,1.39833792031926,-0.00436560199747022,-0.8535013154
175.5,51.5094564934439,-0.160987786820954,1.16304038083663,-0.00988102055650133,0.1613764304
176,51.5094624704278,-0.160987741236008,1.44684186235145,0.0176770512630346,0.3839799425
176.5,51.5094679980179,-0.160987721729222,1.07818445890464,-0.00776935502275512,-0.131635673
177,51.5094739285209,-0.160987575978791,1.48865826816872,0.0398429626434802,1.888865137
177.5,51.5094797241825,-0.160987391781702,1.15031886407688,0.0155896748758866,0.3834416327
178,51.5094859638518,-0.160987692375197,1.55511548140988,-0.0818678998716108,-3.827189259
178.5,51.5094918403284,-0.160988257365155,1.13436949881856,-0.0760583949715605,-3.039501564
179,51.5094976327917,-0.160988610058477,1.39711121698216,-0.030012399797475,-1.312299771
179.5,51.5095036090695,-0.160988715752323,1.28272524386029,-0.00394035460401992,0.04772296614
180,51.5095095407846,-0.160988633129037,1.34593827711882,0.0222614739603786,0.9482673186
180.5,51.5095151129492,-0.160988531540524,1.16567858637904,0.00839693284766833,0.3553368506
181,51.5095208646094,-0.160988405306237,1.35975987222189,0.0239197418150738,1.213944137
181.5,51.5095267507222,-0.16098822679021,1.27476367473273,0.0253948714536249,0.9544612668
182,51.5095327722973,-0.160988158889409,1.38550358430616,-0.00174843455364073,-0.1481527152
182.5,51.5095384344749,-0.16098810530899,1.17203294147343,0.0138715533851062,0.8247981421
183,51.5095445903372,-0.160988135090602,1.5082131929796,-0.0167400309904251,-1.170738712
183.5,51.5095503810424,-0.160988528504289,1.13475557159689,-0.0811471919504613,-3.684398388
184,51.5095562618164,-0.160988901631412,1.43024707740968,-0.0312735288876899,-0.8502014739
184.5,51.5095620587088,-0.160988933996281,1.19167236339691,0.0142517521841228,0.4509741999
185,51.5095677204711,-0.160988802547504,1.30755772101804,0.0210522160003393,1.209063046
185.5,51.5095735597074,-0.160988891707277,1.29357271486374,-0.0357826848769714,-2.300862837
186,51.5095792633935,-0.160989220266233,1.25208634842647,-0.0525083392097843,-1.816450711
186.5,51.509584878097,-0.160989506314072,1.24746653773033,-0.0307656395417742,-1.825287607
187,51.50959053688,-0.16098983212088,1.2673747282239,-0.0553706079695708,-2.289936086
187.5,51.509596286419,-0.160990104365861,1.28777017773029,-0.0255038757688396,-1.094945983
188,51.5096020829482,-0.160990132988081,1.29126874395803,0.0110964521244699,0.7418629151
188.5,51.5096074728533,-0.160989883449526,1.13500223411903,0.0511359290168892,2.567761217
189,51.5096120523599,-0.160989561520485,0.937831679973337,0.0401960238436684,2.4557342
189.5,51.5096158653022,-0.160989203995636,0.785875512509317,0.0562563213253816,4.241476728
190,51.5096182414748,-0.160988941672068,0.348744413537078,0.0225419013351035,3.640162316
190.5,51.509619919252,-0.160988505837497,0.390547573847307,0.0870991639019425,14.77472204
191,51.5096206522174,-0.160987994187487,0.00388243633161905,0.0598052676507299,32.300371
191.5,51.5096214022247,-0.160987084971755,0.280994634257727,0.172756144734286,41.91244262
192,51.5096221156413,-0.160985558540951,0.0731746120539718,0.239383775926965,64.42187726
192.5,51.5096224821486,-0.160983941756733,0.0874199303349003,0.214072300928562,75.64807728
193,51.5096225689279,-0.160982454510219,-0.0283670990261053,0.201213036174685,93.66789459
193.5,51.509622375875,-0.16098047023631,-0.0531709838225903,0.327537543531399,104.0558161
194,51.5096220657669,-0.160979127441832,-0.08008785057095,0.0876895549750504,116.5627281
194.5,51.5096214394795,-0.160977652068794,-0.180850130745002,0.286878241851392,131.889867
195,51.509620656996,-0.160976594392624,-0.169402343264542,0.0488490676296232,147.8171321
195.5,51.5096196895058,-0.160975858194167,-0.247400035634907,0.139584868904082,161.3832921
196,51.5096185967577,-0.160975508056284,-0.240184117370425,-0.0150595629760033,176.0029693
196.5,51.5096169814275,-0.160975369739338,-0.442917369257494,0.0431913303863847,177.8799516
197,51.5096142419304,-0.160975369133083,-0.726253303807451,-0.0300908251556295,182.104224
197.5,51.509610604368,-0.160975589635873,-0.867637810892528,-0.0309859878770678,182.2282855
198,51.509605932877,-0.160975815390014,-1.15978263478934,-0.0315989581346253,181.226265
198.5,51.5096004074143,-0.160975761207729,-1.2783211933715,0.0349089730868292,178.0725603
199,51.5095947082978,-0.16097592034565,-1.26103383946326,-0.0620007154270673,183.923921
199.5,51.5095886957279,-0.160976058947397,-1.39170798224548,0.0106836169456011,177.7243238
200,51.5095830807094,-0.16097594670735,-1.14985053423652,0.0190156871918023,180.8463963
200.5,51.5095773738754,-0.160975950733923,-1.35388268085363,-0.0142614522223421,179.2040563
201,51.5095716693562,-0.160975691053851,-1.21018452633987,0.0712804103163728,177.54173
201.5,51.5095657865539,-0.160975647641483,-1.37821405155216,-0.0396488108601067,181.9305914
202,51.5095600360384,-0.160975859014633,-1.21055200719381,-0.0221404060521055,180.6973173
202.5,51.5095539693406,-0.160975900130389,-1.4475207046075,0.00579292005546301,179.7872976
203,51.509548127144,-0.160975902147628,-1.19671840781389,-0.00453121282225148,180.2373926
203.5,51.5095425546318,-0.160975950865719,-1.27026393164529,-0.00832804723267259,180.3877491
204,51.5095366698557,-0.160976170788005,-1.33690510322059,-0.0460829884155956,182.2840524
204.5,51.5095309650047,-0.160976286446685,-1.22219431594982,0.00495687503440961,179.1655684
205,51.5095252581813,-0.160976285571406,-1.3032380126857,-0.00326320302917575,180.8234644
205.5,51.5095195516836,-0.160976255329165,-1.24638419536509,0.00942292094954237,178.7975816
206,51.5095136202199,-0.160976146420826,-1.37128191224762,0.0191117651188739,179.8895413
206.5,51.5095080035952,-0.160976252322315,-1.16475639210726,-0.0383762814642838,181.4586468
207,51.5095020334778,-0.160976676976728,-1.44304326091779,-0.0733762888474493,183.6242553
207.5,51.5094961524667,-0.160976909649563,-1.21453537885992,-0.00355903381016572,179.2042009
208,51.5094906267503,-0.160977002380657,-1.24009020179629,-0.0193978591420906,181.9957541
208.5,51.5094848764801,-0.160977234407818,-1.30714593793707,-0.0411915371755602,180.8889609
209,51.5094793969766,-0.16097750408471,-1.15778143972727,-0.0348231938391786,182.6291554
209.5,51.5094732477103,-0.160977991557832,-1.51569408132739,-0.0906918819736394,183.0347725
210,51.5094675003048,-0.160978352271763,-1.11313956616836,-0.0216622812571521,181.4507542
210.5,51.5094615248402,-0.160978374402387,-1.48119777185788,0.00993965765686621,178.8140748
211,51.5094558697113,-0.160978593497752,-1.10238064199234,-0.058675280326757,183.9557383
211.5,51.5094500814438,-0.160978735978291,-1.41791622245918,0.00744012237861347,177.8042802
212,51.5094440618858,-0.160978611282853,-1.28453379603085,0.0242263137588737,180.7145452
212.5,51.5094384901772,-0.160978568718334,-1.20848920058815,-0.0069110496258902,178.7391933
213,51.5094326044701,-0.160978357579406,-1.38049963820169,0.054677161125848,178.6960762
213.5,51.5094268129872,-0.160978526438567,-1.22444924469595,-0.0781332887177149,183.3885663
214,51.5094209316836,-0.160978700070653,-1.36766185818372,0.0137073702737677,178.7222574
214.5,51.5094150006288,-0.160978664991399,-1.28623284060675,-0.00131468460653433,180.8548197
215,51.5094092050157,-0.160978876869883,-1.29199835430769,-0.0490937447220926,181.7588877
215.5,51.5094031419877,-0.160978829303189,-1.38912002092465,0.0455937651581364,177.6801227
216,51.5093972128299,-0.160978727067628,-1.27049451347161,-0.00778287328862339,181.0869509
216.5,51.5093914620884,-0.160978942088966,-1.28604115319737,-0.0453079041965863,181.5862027
217,51.5093858934401,-0.160978862584274,-1.20627636880698,0.0504826652953872,177.392913
217.5,51.5093801936345,-0.160978393279302,-1.31172581448307,0.0754418805983501,176.7246336
218,51.5093746262598,-0.160978039976486,-1.18781532932803,0.0305880550355042,178.7399732
218.5,51.5093686968136,-0.160978108182653,-1.41151689208709,-0.0375117531140391,182.0825483
219,51.5093629024732,-0.160978152165955,-1.20381801851751,0.0158759361007605,178.4602342
219.5,51.5093571518585,-0.160978130572935,-1.33266672900312,-0.00601610611183605,181.2712662
220,51.5093516702828,-0.160978309288588,-1.14070067133722,-0.0379746995485071,181.0597358
220.5,51.5093456943262,-0.160978493424616,-1.46209110000917,-0.0168831738558,181.1433086
221,51.5093399425872,-0.160978558306087,-1.152300839336,-0.00349710574449688,179.6632944
221.5,51.5093342381923,-0.160978740254449,-1.3512447636428,-0.0405010998372353,182.6171882
222,51.5093284047382,-0.160978660669931,-1.26080440946186,0.0471367690272304,176.4072879
222.5,51.5093225682533,-0.160978382866904,-1.32525917830696,0.0325799317716258,180.1901693
223,51.5093168159118,-0.160978390611022,-1.24831112110743,-0.0246339590499706,179.9060967
223.5,51.5093110196688,-0.160978257698523,-1.31878176344027,0.0486179016963467,178.4543129
224,51.5093050886854,-0.160978099254943,-1.32042181565281,0.00336824127088805,179.6355984
224.5,51.5092997408426,-0.160978076594905,-1.09868369063782,0.00299115736488618,180.0614126
225,51.509293765942,-0.160977899648964,-1.49110345202006,0.0396744743224394,177.8211703
225.5,51.5092880193639,-0.160977958249939,-1.13003994806805,-0.0416049585578968,182.9080112
226,51.5092822258499,-0.160978222530444,-1.40053923410397,-0.0332602496165546,180.3529967
226.5,51.509276477403,-0.160978489634438,-1.19414180832697,-0.0397680417107812,182.9686565
227,51.509270685064,-0.160978856571125,-1.35522345519853,-0.0587782241117689,181.5588309
227.5,51.5092653384432,-0.160979036038625,-1.07386027104995,-0.00121877062361907,180.8410469
228,51.509260530093,-0.160979100708868,-1.06719780827171,-0.0144123537430156,180.1206638
228.5,51.5092571602513,-0.160979183041495,-0.527703342281938,-0.00934607528912377,181.6262646
229,51.5092550939066,-0.160979281249487,-0.412263345463521,-0.0166398715725959,181.7712637
229.5,51.509253686502,-0.160978985664629,-0.243807859837425,0.0814211025788709,163.2959305
230,51.5092526637332,-0.16097827191197,-0.216226919378283,0.111487479946674,149.6401585
230.5,51.5092516771653,-0.160977047440964,-0.22183950274905,0.210996758424287,134.8450691
231,51.5092508499598,-0.160975360045255,-0.15762715167698,0.250614256021861,121.4614476
231.5,51.5092503142244,-0.16097347320272,-0.0923186779317341,0.269961700313612,107.4705754
232,51.5092501428947,-0.160971573713188,-0.000187438139649276,0.259403831959528,88.97909421
232.5,51.5092503043364,-0.160969513329307,0.0612012869335515,0.304773663708127,76.70695641
233,51.509250831477,-0.160967478147322,0.156565554147416,0.267065836685793,58.20853675
233.5,51.5092516935655,-0.160965744131305,0.216514452602693,0.222370684001685,44.70148524
234,51.5092525988862,-0.16096457588911,0.190904063113538,0.120105627758688,32.98317837
234.5,51.5092535682127,-0.160963859329788,0.233043441483175,0.0850708278603176,16.54379981
235,51.5092549759024,-0.160963579587078,0.36936967412773,0.00648405172583501,-2.405842172
235.5,51.5092568173923,-0.160963607081534,0.438038989387462,-0.0110289382834883,1.338239836
236,51.5092590623044,-0.160963463224097,0.542576784860314,0.0416779891079109,3.241574967
236.5,51.5092621605085,-0.160963283066791,0.792183120863725,0.0133517677645396,0.9146361368
237,51.5092667441293,-0.160963225336693,1.17936132268481,0.00428102402044053,-0.01403838959
237.5,51.5092720908761,-0.160963352133009,1.19701143034161,-0.0329271412101322,-1.681593028
238,51.5092778418247,-0.16096353809921,1.33755759124743,-0.02084854345504,-0.6303742429
238.5,51.5092836389504,-0.160963591924954,1.25664313515925,0.00188835128032138,-0.03354994528
239,51.509289255695,-0.160963487461154,1.24504881522732,0.0233369517598562,1.363415115
239.5,51.5092950502046,-0.160963548225857,1.32040964744166,-0.0306794408764877,-2.113265137
240,51.5093007061758,-0.160963973611448,1.21525085731284,-0.0789371141635848,-3.260799551
240.5,51.5093063587803,-0.160964508973529,1.28758848441654,-0.0711167949983347,-3.503766245
241,51.509312240457,-0.160964804491192,1.3236053802951,-0.0199754853130616,-0.08781594523
241.5,51.5093179881944,-0.160964550399698,1.24772711752717,0.0739613847774408,3.248119304
242,51.5093235559617,-0.160964225962433,1.23276287762279,0.0248107540741113,0.9167752097
242.5,51.5093293523318,-0.160964242982813,1.32971360632328,-0.0213852042528103,-1.126745696
243,51.5093350142526,-0.160964345692148,1.2109886551048,-0.00927498646284048,-0.1703532681
243.5,51.5093405866751,-0.160964310343252,1.26024078443338,0.0148366277479702,0.6239553372
244,51.5093459343842,-0.160964243103346,1.14075981179652,0.00548639607312137,0.2751194925
244.5,51.5093520454188,-0.16096433262216,1.51314684125188,-0.0249714646499277,-1.322568405
245,51.509357437078,-0.160964512277753,0.980351006721649,-0.0249278158469922,-1.059756834
245.5,51.5093632309481,-0.160964389182204,1.50545622733332,0.0465062664523337,2.57888148
246,51.5093689776152,-0.160964384445241,1.12002662252957,-0.0314362230449964,-2.519938903
246.5,51.5093745916675,-0.160964687865663,1.33966191938843,-0.0496172412345477,-1.343276521
247,51.5093803880266,-0.160964750145887,1.2548801144129,0.0200307815017401,0.5749718571
247.5,51.5093864523288,-0.16096489823787,1.41558471848306,-0.0489787513848606,-2.321043839
248,51.5093923370944,-0.160965084271196,1.23517654076013,-0.00962815053733218,0.06082631362
248.5,51.5093981320766,-0.16096526506753,1.32749900720003,-0.0359373704011826,-2.291456556
249,51.5094039242585,-0.1609656549869,1.26181401792603,-0.0668845146504983,-2.51939803
249.5,51.5094097186222,-0.160965904186687,1.30861883560355,-0.0120045739668559,-0.555158628
250,51.5094154707253,-0.160965991494332,1.25986916659583,-0.0122058088582127,-0.5301603163
250.5,51.509421130753,-0.160966217579207,1.25916369088164,-0.0448233688286419,-2.325507904
251,51.5094270603486,-0.160966446245437,1.36162955222232,-0.0226003996713438,-0.4314986242
251.5,51.5094329463129,-0.160966612722729,1.27339859848281,-0.0234767484216572,-1.590760884
252,51.5094390968399,-0.16096703382118,1.43523892144915,-0.0829667126608983,-3.301975551
252.5,51.5094448856474,-0.160967535430996,1.18511961575945,-0.0603284582246021,-2.888138952
253,51.5094506791595,-0.160967809515102,1.36198278954645,-0.0224677115804607,-0.4937570118
253.5,51.5094566560684,-0.160967825105309,1.30755381599353,0.0120473257489856,0.3072396666
254,51.509462587201,-0.1609679197363,1.32833786928905,-0.0307707950155709,-1.448082231
254.5,51.5094684269078,-0.160967883013169,1.27920451974387,0.03020805890715,1.897748893
255,51.5094742151773,-0.160967396528387,1.29414018552136,0.0936891718933479,4.106614948
255.5,51.5094801354658,-0.160966802712391,1.33362530404214,0.0745879251331086,3.056254161
256,51.5094861530509,-0.160966499682125,1.34279102024582,0.0193187779874456,0.5434347002
256.5,51.5094919492927,-0.16096657324736,1.25264538578018,-0.0308882235611906,-1.450964886
257,51.509497654614,-0.160966820801922,1.28135399493803,-0.0368135088050594,-1.650941638
257.5,51.5095033588192,-0.160966780042267,1.26083574104383,0.0353907732571792,2.161889284
258,51.5095091080165,-0.160966477741147,1.29221814723191,0.0465846334348764,1.596663255
258.5,51.5095148114939,-0.160966554133907,1.25295553139272,-0.0506417508995405,-2.554400055
259,51.5095206037629,-0.160966582185274,1.31402742124287,0.0288277025579468,2.208103845
259.5,51.5095263913837,-0.160966068635015,1.26951876582686,0.101044092536159,4.130350228
260,51.5095321357472,-0.160965824943562,1.28431145648591,-0.013207530528207,-1.097572276
260.5,51.5095381531801,-0.160965668183356,1.37725315880443,0.0462484919343613,2.960216465
261,51.509543721083,-0.160965319229936,1.142145999969,0.0499964422372903,1.518958992
261.5,51.5095495491137,-0.160964750874149,1.40512198864168,0.0991627454956153,5.445809718
262,51.5095551966602,-0.160964143284569,1.15276535479332,0.0740074435693789,2.235632131
262.5,51.5095610802375,-0.160964102872434,1.41870063194587,-0.0422659375538492,-1.744485655
263,51.509566783073,-0.160964023464041,1.16417496823369,0.048330482510815,2.740138532
263.5,51.5095727105882,-0.160963932320292,1.42733469142822,-0.0123168874219397,-1.640666631
264,51.5095784566893,-0.16096379043435,1.17449763404329,0.0421139446767859,3.406195986
264.5,51.50958438333,-0.16096344731403,1.41977801985038,0.0515136507780106,0.7318198438
265,51.5095901803821,-0.160963374075548,1.19906103029878,-0.0187716438652642,0.1715513146
265.5,51.5095960660971,-0.160963211706722,1.38710230064311,0.0514672361660181,1.800887562
266,51.5096015022895,-0.160963133110874,1.08542821115936,-0.0174745541175442,-0.7670888412
266.5,51.5096071628306,-0.160963037320546,1.38146669538766,0.0348434452220771,1.9771031
267,51.5096115643205,-0.160963039144255,0.697966561307829,-0.0248208971573912,-2.00673085
267.5,51.5096152004212,-0.160962975316637,0.886885715439551,0.0324411024307806,3.261888288
268,51.5096172633954,-0.160962763521804,0.159560828770961,0.027285282519621,4.069248279
268.5,51.5096189361263,-0.1609622905307,0.521067201585435,0.0925495922888309,15.94421724
269,51.5096200924197,-0.160961527802332,0.0726550700649887,0.115256897750449,28.80146073
269.5,51.5096211586164,-0.160960241584976,0.35246185860456,0.222931072694679,45.14182873
270,51.5096216401256,-0.160959215342854,-0.0645782216961781,0.0861921438658384,60.97858706
270.5,51.5096220283479,-0.160957766937554,0.192061297396513,0.281560788582331,72.53082563
271,51.5096222066596,-0.160956078746409,-0.0669912204600797,0.201404066897566,88.2549087
271.5,51.509622039097,-0.160953888455288,-0.0164916715489241,0.376034217999386,105.7240885
272,51.5096214458925,-0.160951571909262,-0.212852982585239,0.283595540024255,118.8992539
272.5,51.509620869818,-0.160950299018841,-0.0689201244300434,0.101948260878918,133.0049626
273,51.5096199920772,-0.160949213827366,-0.283787354360859,0.184795127088314,151.6953891
273.5,51.5096190406665,-0.16094859058173,-0.161248119791501,0.0177602413520156,163.8378486
274,51.5096181155699,-0.16094838089231,-0.237071497922857,0.0370649196137565,180.0608526
274.5,51.5096164528513,-0.160948399846844,-0.463022521486012,-0.0304196527037449,180.754283
275,51.5096144755721,-0.160948414246631,-0.423848719784236,0.0178946933473338,179.7664654
275.5,51.5096108355209,-0.160948372120824,-1.08026317974948,-0.00258250612440398,179.4060192
276,51.5096063441994,-0.160948507547965,-0.94279133082598,-0.0301597697612946,182.7498542
276.5,51.5096009994652,-0.160948679608639,-1.36185038687476,-0.0195030226818492,179.5518
277,51.5095955175471,-0.160948544977893,-1.12040288072822,0.0454316597905377,178.6922152
277.5,51.5095893615324,-0.160948440165849,-1.54441320318024,-0.00706130966286791,180.0903708
278,51.5095835644166,-0.16094849906738,-1.11184180783487,-0.00896077421634923,180.6361565
278.5,51.5095773183237,-0.160948472981922,-1.58448066568214,0.012430008477662,179.0652143
279,51.5095714828467,-0.16094808756661,-1.09830584297468,0.0822762008655545,176.2146971
279.5,51.5095655623605,-0.160947493453648,-1.4707854165539,0.0826469227202006,176.619113
280,51.5095597701074,-0.160947220398074,-1.16154179163289,0.00660188397184221,180.0109509
280.5,51.5095540662817,-0.160947450649758,-1.3445620047327,-0.0589722029774593,182.8749949
281,51.5095483176465,-0.160947642914386,-1.23339839008699,-0.00410350738175874,179.5162006
281.5,51.5095423441806,-0.160947833761552,-1.39626177501814,-0.0421770084765141,182.7680584
282,51.5095366501972,-0.160948439118463,-1.17653488955939,-0.113370578811417,184.8230112
282.5,51.5095308184758,-0.160948883789673,-1.38244716641208,-0.025605236539651,180.625257
283,51.5095248417646,-0.160948987187584,-1.29315522901499,-0.00648341482659641,180.6117619
283.5,51.509519090576,-0.160948914530137,-1.27034894080633,0.0216891852712629,178.4848855
284,51.5095135202683,-0.160948659300938,-1.2178898039593,0.0450644461220842,178.2396214
284.5,51.5095078198092,-0.16094823215569,-1.30384483293078,0.0692825749332424,176.4061931
285,51.5095019400298,-0.160947780419477,-1.31150949607625,0.0581345985490322,178.1042738
285.5,51.5094958367366,-0.160947289156972,-1.39069497575092,0.0752683844887817,176.1449223
286,51.5094901394875,-0.160946748517531,-1.18166686864655,0.0749301851000312,177.0774185
286.5,51.5094841663427,-0.160946483690756,-1.4323522968789,0.0100612945024832,179.7530711
287,51.5094780620535,-0.160946118257519,-1.30648175944451,0.0792177092433739,175.9681957
287.5,51.5094723186649,-0.160945628825743,-1.25806976077073,0.0600781216658356,177.944019
288,51.5094666130927,-0.160945453511464,-1.27765297603813,-0.000671691828782704,179.8590868
288.5,51.5094606499359,-0.160944980459179,-1.36138372244016,0.112134345980895,174.4730041
289,51.5094550049681,-0.160944292130614,-1.18240778794781,0.0839861824487094,176.8245234
289.5,51.5094491369222,-0.160943561362987,-1.39207683052931,0.113707675933353,174.2884128
290,51.5094434007609,-0.160943270955552,-1.19541923220832,-0.0110445681914065,182.092605
290.5,51.5094375607429,-0.16094337790496,-1.37236640739749,-0.0175142612159334,179.2168478
291,51.5094316291334,-0.160943253374279,-1.2831506087575,0.0416555133455218,179.282004
291.5,51.5094258326728,-0.160943290490024,-1.2944775767364,-0.0379200507899623,181.1758612
292,51.5094201263588,-0.160943298464149,-1.25244804246248,0.0246617388054617,178.9240633
292.5,51.5094138811802,-0.160943079595392,-1.48571025486055,0.0344008840779107,178.570321
293,51.5094079952382,-0.160942892250489,-1.18653480477429,0.020142263307477,179.1539862
293.5,51.5094026477286,-0.1609428650168,-1.19227960245273,-0.00767105414652787,180.4818487
294,51.509396715822,-0.16094294557983,-1.40932369174895,-0.0136472204096192,180.4892783
294.5,51.5093907854688,-0.160943145084728,-1.25680525668451,-0.0375402200216806,181.9159384
295,51.5093851274144,-0.160943499967143,-1.26056305720703,-0.0574921054018561,182.5667732
295.5,51.5093792999985,-0.160944131584959,-1.3219985904509,-0.108849402946725,185.1718295
296,51.5093736490627,-0.16094452556181,-1.21223490827772,-0.0168039715852392,179.8103769
296.5,51.5093679970319,-0.160944899665704,-1.28948368048493,-0.0765447572315359,184.9198955
297,51.5093623006257,-0.16094520647568,-1.25219585627263,-0.0188414306097701,178.9300125
297.5,51.5093564149329,-0.160945239677942,-1.34990060080289,0.00535157779078272,181.4733668
298,51.5093508884737,-0.160945417035094,-1.14561655361556,-0.0456114243869275,180.8211385
298.5,51.5093451826765,-0.160945622065003,-1.35645526186542,-0.0164695090189291,181.7479174
299,51.5093392978079,-0.160945646681476,-1.27660723646755,0.00571791378203981,178.5511944
299.5,51.5093336820758,-0.160945418461825,-1.230691964259,0.0498689402015167,178.5434511
300,51.5093280205814,-0.160945334727135,-1.28014360642436,-0.0151425973580145,180.3989826
300.5,51.5093223209599,-0.16094570289086,-1.25995016533152,-0.076305623459779,184.2174404
301,51.5093164473663,-0.160946341023785,-1.33989568264282,-0.0972180428632101,183.5394725
301.5,51.5093107474484,-0.16094679695335,-1.21823581470256,-0.0395700586747096,182.1755065
302,51.5093050874328,-0.160946890885199,-1.28830349016476,0.00552631936805358,179.0111514
302.5,51.5092992470113,-0.160946954107588,-1.30749998880318,-0.018792143808344,181.7628932
303,51.5092936316328,-0.160947201976255,-1.20893325885316,-0.0453552000384721,181.3926834
303.5,51.5092879700235,-0.160947290575132,-1.29541812661256,0.0108347646724139,179.7262919
304,51.5092821731221,-0.160947342024063,-1.28605700875737,-0.0197289212345962,180.9083402
304.5,51.5092765110233,-0.160947395502146,-1.24161665339674,0.00118667365440794,179.7670262
305,51.5092711647127,-0.160947524576373,-1.15326868126162,-0.031298814857347,181.9592037
305.5,51.5092658185278,-0.160947716141341,-1.21506468064234,-0.0233100003968128,180.6026006
306,51.5092611900682,-0.160947811113666,-0.900306628408213,-0.00610134841505591,180.8645784
306.5,51.5092578647073,-0.160947867887953,-0.627701593421156,-0.00913070595320827,180.3562166
307,51.5092556626934,-0.160947893822855,-0.393585854255551,0.000269524103736403,180.4859597
307.5,51.5092542516342,-0.160947590770538,-0.25826481405146,0.0713472619696841,164.2475721
308,51.5092531885872,-0.160946854366805,-0.221343632489583,0.123886065003526,148.997465
308.5,51.5092521948314,-0.160945637793438,-0.220977033080714,0.200453633208923,136.2481058
309,51.5092514633183,-0.160944196289946,-0.122032533251521,0.19995141823493,121.9898864
309.5,51.5092509717949,-0.160942365290505,-0.100510531575186,0.292244050037291,104.5640907
310,51.5092508324725,-0.160940381633627,0.0176545703143214,0.263674217089161,88.27958081
310.5,51.5092509961436,-0.160938539342946,0.0495552326187491,0.2503034043991,75.5148655
311,51.5092514959388,-0.160936471685239,0.154373673283131,0.312861175502471,62.13594307
311.5,51.5092520180452,-0.160935316768233,0.0894406355489102,0.0536169845871836,46.0203868
312,51.5092528218386,-0.160934299406825,0.241450210411626,0.202617717802545,30.58391876
312.5,51.5092538530614,-0.160933640687186,0.221075409819914,0.0136593019020566,12.880941
313,51.5092550067939,-0.160933425572164,0.281680667594869,0.0412166929035964,0.3918931908
313.5,51.5092563096343,-0.160933455606023,0.295661510092097,-0.0359412195900461,-2.040193088
314,51.509258645112,-0.160933586014277,0.676500541582884,-0.00562419611379199,-1.950974373
314.5,51.5092620101888,-0.160933481406467,0.799389524013761,0.0286297546464033,4.173572309
315,51.5092669021543,-0.160933215952204,1.29095812678036,0.042620008472162,-0.2948686374
315.5,51.5092722041028,-0.160933122774969,1.10194832768102,-0.00783939649987721,1.551485938
316,51.5092774148548,-0.160932874389943,1.19975738978767,0.0641191840219267,1.856070458
316.5,51.5092832970292,-0.160932950286344,1.38527641457259,-0.0627988699564218,-2.778684225
317,51.5092890907279,-0.160933121984385,1.22194458639083,0.00342967458764074,0.6598064506
317.5,51.509294705003,-0.160932859537788,1.26840457815224,0.0595500629161045,2.681913389
318,51.50930043703,-0.16093214082018,1.28042569694354,0.127969090614699,6.265799278
318.5,51.5093063506805,-0.160931515095301,1.34071541402877,0.058124709085838,1.289360459
319,51.5093123265673,-0.16093132734031,1.32205528179575,0.00363247763055781,0.9569989621
319.5,51.5093182133091,-0.160931228245225,1.30139566342116,0.0208487676729839,0.246669415
320,51.5093240554849,-0.160931231460273,1.2989990268848,-0.0153530529578973,-0.2860206646
320.5,51.5093297620708,-0.160931146213268,1.24938573598563,0.0308697796691173,1.354179355
321,51.509335553345,-0.160931314958658,1.31615092106658,-0.061441362511955,-3.437496867
321.5,51.5093411644371,-0.160931443148326,1.20125610206605,0.0127496593862534,1.803987336
322,51.5093470048707,-0.160931222499372,1.36843764725639,0.0431596295313903,0.896995123
322.5,51.5093528009925,-0.160931260398234,1.23464832581864,-0.0391578010763432,-1.364548945
323,51.5093585974093,-0.160931341071174,1.3284124366549,0.00836754289753201,0.3693665868
323.5,51.5093644844484,-0.160931276011984,1.29705811739237,0.0094999964688571,0.4208572039
324,51.5093702786396,-0.160931454220291,1.28388365501378,-0.0487162124749871,-2.619866194
324.5,51.509375891574,-0.160931815049231,1.22454006060186,-0.0510726030073368,-1.974480216
325,51.5093816418112,-0.160932052053463,1.31801938830931,-0.0201942037562003,-0.9721096566
325.5,51.5093873935001,-0.160932068753874,1.25313298760047,0.0101937987220215,0.7644862457
326,51.5093929643292,-0.160931861682886,1.23013789392133,0.0417435896687328,1.892972506
326.5,51.5093987145285,-0.160931616079176,1.31408655858499,0.0287544038680438,1.160500871
327,51.5094046002525,-0.160931634033365,1.30658869081713,-0.0243661800314864,-1.378628271
327.5,51.5094101258072,-0.160931604625934,1.17559251431875,0.0239979674972827,1.759189387
328,51.5094156520065,-0.160931421676516,1.26753365873528,0.0263867360044262,0.6077518529
328.5,51.5094214486786,-0.160931289276145,1.30548916109244,0.0127824629950225,1.025397004
329,51.5094271549935,-0.160931110080772,1.24474007621656,0.0333514338335684,1.219829294
329.5,51.509433400978,-0.160931016189407,1.49141040875723,-0.00118290270020805,-0.1449576574
330,51.5094392878751,-0.160931092417971,1.18290571899051,-0.0171657541536951,-0.7809472325
330.5,51.5094453543516,-0.160931105294752,1.46679022338942,0.00897645846923861,0.6291670687
331,51.5094514210867,-0.160931032956019,1.26816893354757,0.0107920643463966,0.2234465508
331.5,51.5094570370135,-0.160930863979526,1.2366722790655,0.0323325152536164,1.927839622
332,51.5094626978696,-0.160930728297401,1.27571573065926,0.00939504849117203,-0.2140699441
332.5,51.5094684500858,-0.160930702963663,1.28294502287188,-0.000596497737136491,0.5289950093
333,51.5094743814269,-0.160930758785264,1.34564378796309,-0.0127591549309398,-1.201953984
333.5,51.5094802226164,-0.160930778809078,1.26765213432023,0.00420478264854517,0.9568282098
334,51.5094861534514,-0.160930814657711,1.3561573497675,-0.0114054247845279,-1.389042164
334.5,51.5094916788887,-0.160931063378129,1.14085005588167,-0.0507266996927515,-1.828873309
335,51.5094976086404,-0.160931329366347,1.44450902181533,-0.0272778658849949,-1.377813034
335.5,51.5095034497289,-0.160931374110148,1.19840824335562,0.00853272710131341,0.8300664197
336,51.5095093365999,-0.160931305541507,1.38799737715085,0.0102127239970819,0.002803620218
336.5,51.5095150877238,-0.160931440373545,1.20393465877296,-0.0389760156775044,-1.679109227
337,51.5095207924126,-0.160931722859951,1.31521305985862,-0.0393977096838635,-1.860629336
337.5,51.5095267678716,-0.160931898241691,1.33974507374697,-0.0138204604191189,-0.2378671263
338,51.5095326082481,-0.160932083707897,1.27147368486738,-0.034104967296883,-2.032576622
338.5,51.5095383574655,-0.160932387446508,1.28477999999432,-0.0478239991929018,-1.743819985
339,51.5095443686763,-0.1609321533917,1.37457238188418,0.0887254119630993,4.527463999
339.5,51.509550022261,-0.160931765920149,1.1764350323826,0.0293548183005877,0.3702658379
340,51.5095558566684,-0.160932076903406,1.38353272660388,-0.093955918869117,-4.180253758
340.5,51.5095617808178,-0.160932458311142,1.27251190396396,-0.0242620777181791,-0.4209701178
341,51.509567443214,-0.160932500764331,1.25121059706618,0.00696238871551214,-0.1151353066
341.5,51.5095731025201,-0.160932724410701,1.26495256982693,-0.0576653403372331,-2.710095359
342,51.5095785360503,-0.160933060169144,1.16992681280022,-0.0388899469489022,-1.706350835
342.5,51.5095842862591,-0.160933083741829,1.35623783499432,0.0216586379008801,1.413215855
343,51.5095899906976,-0.160933146871398,1.20850619051803,-0.030062759549627,-2.204543074
343.5,51.5095955612302,-0.160933312127568,1.26126445038937,-0.0179647252960627,0.08347603457
344,51.5096013506103,-0.160933648429174,1.30711921509329,-0.0668085500700732,-4.235403437
344.5,51.5096067347465,-0.160934103595024,1.12172541373487,-0.0606757194336337,-1.804002088
345,51.5096114484573,-0.160934438579214,0.997892868099846,-0.0365998651472249,-3.274315055
345.5,51.5096151305516,-0.160934602441607,0.694336237935675,-0.0130597370237012,0.0929344784
346,51.5096174666298,-0.160934669368358,0.397655410499468,-0.0066562127709521,-2.141307011
346.5,51.509619007639,-0.160934364150992,0.304573612921285,0.0767057662937003,16.23257276
347,51.5096198644957,-0.16093376148944,0.110929942890569,0.0885639433306368,31.15978279
347.5,51.5096210647,-0.160932378303485,0.376361900260122,0.264505642011655,40.28332741
348,51.5096218713503,-0.160930948630445,0.041686085691178,0.152319710095788,55.47769633
348.5,51.5096223121618,-0.160929399958527,0.137569751092974,0.258939498316335,75.48254053
349,51.5096224559243,-0.160927415873229,-0.0419163918175003,0.287084784423731,91.27077502
349.5,51.5096222770159,-0.160925434865922,-0.038335929888659,0.266656540504636,105.1995412
350,51.5096218667821,-0.160923770603623,-0.128347976328953,0.206188807209702,117.910521
350.5,51.5096212513769,-0.160922367735794,-0.142951703474026,0.186814182693533,132.3037777
351,51.5096205498039,-0.160921504006365,-0.165324662691825,0.0731130415447337,152.630645
351.5,51.5096194664562,-0.160920832499633,-0.294081224232439,0.107329761277781,165.0776385
352,51.5096183177944,-0.160920607196644,-0.228658633011965,-0.0219481514915721,180.9662999
352.5,51.5096167012759,-0.160920700133858,-0.451435161869178,-0.00657408786118206,183.1429788
353,51.5096141867552,-0.160920850276315,-0.635187696459802,-0.0308392110604721,181.124686
353.5,51.509610412649,-0.160920980229433,-0.983036646142235,-0.00908794161403973,181.3370907
354,51.5096061043974,-0.160921305979648,-0.941598790506579,-0.0705316777387534,184.065532
354.5,51.5096005391062,-0.160921557881123,-1.4461180351098,-0.0100890992315145,179.1701837
355,51.5095948770234,-0.160921529461063,-1.12956887987323,0.0137709177070415,180.4709023
355.5,51.5095890373034,-0.160921758361384,-1.41834982231997,-0.0636715136693655,182.3313736
356,51.5095831083081,-0.160922052493824,-1.2499742100648,-0.0248598478582076,181.2148515
356.5,51.5095776267445,-0.160922058882473,-1.19858274502279,0.0158938536863161,178.8684874
357,51.5095717855338,-0.160921883709057,-1.37060402417434,0.0302239648152742,178.9873491
357.5,51.5095661706181,-0.16092198149793,-1.16458629446059,-0.0442398291432596,182.2579464
358,51.5095603310047,-0.160922092934122,-1.39379730048888,0.00466337506293085,179.1065268
358.5,51.5095545341191,-0.160922049958724,-1.21718652167503,0.00687997838223769,180.3633638
359,51.5095490081524,-0.160922230248013,-1.23833094387026,-0.0473732697823897,181.9692624
359.5,51.5095430352522,-0.160922586405659,-1.39259578011251,-0.0509097314570456,182.292608
360,51.509537060666,-0.160922812840098,-1.28524812873394,-0.0178130491833764,180.4169428
360.5,51.5095312288985,-0.160923241412334,-1.30636608704495,-0.0886953775279281,184.8343148
361,51.5095254419552,-0.160923657674217,-1.27462739837831,-0.036171900182218,180.3057633
361.5,51.5095195548586,-0.160923706920067,-1.33473046700526,0.0136958401713226,180.2923842
362,51.5095139385471,-0.160923860742851,-1.19022577298762,-0.0458969828114654,181.6658788
362.5,51.5095079640287,-0.160924139903567,-1.42688149326523,-0.033768055828284,181.6743195
363,51.5095020782796,-0.160924226881173,-1.22764285336264,0.00310655498942346,179.3823455
363.5,51.5094965970924,-0.160924318288974,-1.21407229561079,-0.0237514239040993,181.8100956
364,51.5094905773189,-0.160924365056599,-1.42730800805428,0.00558648527685,178.7454322
364.5,51.5094848709028,-0.160924332941887,-1.15950623226726,0.00367014834019988,180.8521447
365,51.5094790294523,-0.160924485911628,-1.39804825647307,-0.0386776649661717,181.0202195
365.5,51.5094730084712,-0.160924663154166,-1.29898162573159,-0.0147638031467773,181.0845089
366,51.5094672568983,-0.160924813312197,-1.26641658696853,-0.0251102026417683,180.7821621
366.5,51.5094614214291,-0.160924565212375,-1.32094836520838,0.0761412143236223,176.178401
367,51.5094557211634,-0.160924151809811,-1.2316313581202,0.0442850191751827,178.6392552
367.5,51.5094502392371,-0.160924062075772,-1.2115598901285,-0.0098177488634179,180.1902935
368,51.5094443991104,-0.160923900407657,-1.36110988822241,0.0450342680270994,177.830444
368.5,51.5094388343349,-0.160923442863445,-1.15226507814349,0.0764795771692056,176.2953482
369,51.5094330880046,-0.160923129759824,-1.36713494832436,0.0203725887748206,179.8099445
369.5,51.5094273823127,-0.16092327280685,-1.20135336004877,-0.0480271504508636,181.9826404
370,51.5094216339857,-0.160923616859483,-1.33352846536175,-0.0475948396175,182.295217
370.5,51.5094156176813,-0.160924035197963,-1.3423762859689,-0.065432692087012,182.6737996
371,51.5094097804131,-0.1609244173611,-1.26845703465144,-0.0444069923824686,182.005087
371.5,51.5094040773687,-0.160924773453664,-1.26942635440171,-0.0529710154697167,182.4574456
372,51.5093984184762,-0.160925087328687,-1.25204609611054,-0.0370107269663318,181.5071318
372.5,51.5093923527999,-0.160925157610902,-1.41809028055115,0.00931733660824867,179.3213894
373,51.5093866455892,-0.160925112197174,-1.16625911258012,0.00419781202058153,180.1096205
373.5,51.5093806689845,-0.16092503846111,-1.44444718014664,0.0144669919888063,179.0081899
374,51.509374962375,-0.160925033845246,-1.1475818244216,-0.00903731550232727,180.9339712
374.5,51.5093691219563,-0.160924963679964,-1.40600488905467,0.0228886993426588,178.2069849
375,51.5093632823503,-0.160924682997756,-1.2248012986539,0.0502332087075982,178.3570684
375.5,51.5093577142474,-0.160924336184188,-1.24893967703163,0.0467024319394187,177.1913371
376,51.509352010369,-0.160924071982433,-1.28340393802324,0.0296733853984241,179.4974286
376.5,51.5093461323116,-0.160924399337392,-1.32516736999248,-0.0980438441611843,184.4832378
377,51.5093407034478,-0.160924649032072,-1.1260120876422,0.00968999820034914,178.8047229
377.5,51.5093348183718,-0.160924699224611,-1.43799666412655,-0.0186310019436099,181.8051348
378,51.5093288896316,-0.160925019306953,-1.23612469588693,-0.0625140924324508,182.0539175
378.5,51.5093230944939,-0.160925119313708,-1.32689597173389,0.0201531557570028,179.1800236
379,51.5093171629128,-0.160924991725747,-1.3149698167643,0.0160100789598393,179.2819675
379.5,51.5093115921739,-0.160925088842564,-1.18681883060846,-0.0341315967392779,181.9645841
380,51.5093056173256,-0.160925336417961,-1.42939092364129,-0.0345483599926118,180.9977201
380.5,51.5092996920025,-0.160925729921412,-1.24085607319857,-0.068703134355554,183.7483478
381,51.5092937676686,-0.160926188706154,-1.37245620525416,-0.0602045364573004,181.7848686
381.5,51.5092880661423,-0.160926074265973,-1.19605254378552,0.0691569310396835,176.7799372
382,51.5092826329312,-0.160925891038397,-1.21803686708751,-0.00515873573527248,180.8089574
382.5,51.5092766562146,-0.160925984575557,-1.40824495695943,-0.0184684603037298,180.3101037
383,51.5092709493729,-0.160925920939703,-1.17301107777628,0.0279492548886088,178.8925533
383.5,51.5092656032631,-0.160925705294916,-1.2012172531569,0.0313387826441479,178.2237101
384,51.5092607059867,-0.160925605505386,-1.01168832677824,0.00161831631550628,180.3193112
384.5,51.5092574705652,-0.160925574006093,-0.515712549816403,0.00630263323202012,178.9845259
385,51.5092552239027,-0.160925510280524,-0.488868100156522,0.0106306720832944,178.9874326
385.5,51.509253961848,-0.16092512678155,-0.135202056107769,0.0830840345179424,159.5388786
386,51.5092527362081,-0.160924101844529,-0.368993296937962,0.183779096098647,145.3474291
386.5,51.5092518683765,-0.160922967347146,-0.0699877798405862,0.139154445399135,136.2402754
387,51.5092512225681,-0.160921609255857,-0.19530478614722,0.223171382015753,118.3778406
387.5,51.5092507385587,-0.16091968426417,-0.0463775810993623,0.298177221524474,105.5142739
388,51.5092505907228,-0.160917775473672,-0.0234590078456255,0.241848818559208,88.63601044
388.5,51.5092507520413,-0.16091600705578,0.0774448253896681,0.24814353282424,74.73013824
389,51.5092511839036,-0.160914361822295,0.109153341700947,0.214659363574415,59.64145999
389.5,51.509251872923,-0.160912862307148,0.184234735403773,0.203701242954515,47.62606359
390,51.5092526642199,-0.160911823862851,0.170367267994065,0.102535457768113,31.0028765
390.5,51.5092537246507,-0.160911073046271,0.281882382692707,0.105456550128832,16.67070751
391,51.5092549106428,-0.160910870940236,0.251319092585385,-0.0261121562823462,-4.530817228
391.5,51.5092562110892,-0.16091100469474,0.316009133325845,-0.0132944384177482,-2.813763076
392,51.5092588594021,-0.160911212215392,0.780596657295121,-0.0396794461267054,-2.785005618
392.5,51.5092622278138,-0.160911375597433,0.727784178488798,-0.0107909543212486,-0.6823054901
393,51.5092664517827,-0.160911361935255,1.08839285221164,0.0107786445957111,0.9135890856
393.5,51.5092720679417,-0.160911411464848,1.36260406908798,-0.0192365807420334,-1.544208183
394,51.5092780878681,-0.160911664522571,1.32339322379427,-0.0462690129074229,-1.461002387
394.5,51.5092834348265,-0.160911804079839,1.09627062355934,-0.000554369709691832,-0.4051765718
395,51.5092893216968,-0.160911896917197,1.45949420165267,-0.0215263203566193,-0.722462866
395.5,51.5092954700585,-0.160912319245744,1.30415456761357,-0.0846227636240608,-4.186290136
396,51.5093013337603,-0.160913148954697,1.30521123831461,-0.136617888600121,-5.905655549
396.5,51.5093070698315,-0.160913746004374,1.2561914841312,-0.0453017733544573,-1.526796745
397,51.5093129991477,-0.160914035860021,1.36360600554772,-0.0367095242674688,-1.967728933
397.5,51.509318839611,-0.160914168698546,1.25480458281185,-0.00566001878043855,0.3414566054
398,51.5093245458941,-0.160914267433259,1.28020788662732,-0.0193444257706844,-1.578672003
398.5,51.5093302510782,-0.160914523214444,1.26200988605008,-0.0468363281314886,-1.62635168
399,51.5093360864204,-0.160914948848255,1.32398466660685,-0.0676858799855212,-3.58578348
399.5,51.5093420127319,-0.160915246700562,1.31501416070299,-0.0229282256731418,-0.006905515492
400,51.5093480796582,-0.160915261436619,1.37448521787033,0.0125712969195525,-0.1667776285
400.5,51.5093539218576,-0.160915255335571,1.24784585442645,-0.00735974954807911,0.2414523087
401,51.509359760304,-0.160914998000218,1.33507372252313,0.0658960744225906,2.909472066
401.5,51.5093655487079,-0.160915039187088,1.25508416696672,-0.0558494498640366,-3.418266493
402,51.5093710242248,-0.160915120381008,1.19271808300674,0.0199287191264708,2.357960605
402.5,51.5093770434553,-0.16091498003268,1.44205015388182,0.0191792376781617,-0.6907872832
403,51.5093827042607,-0.160915180692037,1.13193273142277,-0.0607912705752153,-1.843497721
403.5,51.509388993723,-0.160915248597352,1.58682309739132,0.0265247870663737,1.07147748
404,51.5093948720273,-0.160915515634379,1.11286707452742,-0.0816016411029069,-4.318969521
404.5,51.5094007948518,-0.160915988772883,1.46147739615662,-0.0545635346637434,-1.38851834
405,51.5094066361524,-0.160916067717103,1.18661136475287,0.0195596370136889,0.4221441458
405.5,51.5094122984706,-0.160915999862322,1.31131214536538,0.00232541978314988,0.4347415238
406,51.5094180920317,-0.160915731486109,1.27366814059765,0.0617225797295104,2.876739317
406.5,51.5094239752654,-0.160915554319048,1.3339402720354,-0.00138541508022615,-0.723657917
407,51.5094299009453,-0.160915921567918,1.30780630789122,-0.0857195132534642,-3.70579946
407.5,51.5094353771411,-0.160916100207488,1.15606935164165,0.0178356927608756,1.37350546
408,51.5094413080041,-0.160916064633254,1.43427660444666,-0.00408766886145008,-0.9446013996
408.5,51.50944692461,-0.16091604987914,1.12065446107706,0.00634408372378067,1.132439304
409,51.5094526758113,-0.160916052465728,1.39110462634851,-0.00505142387140217,-1.164599086
409.5,51.5094583344124,-0.160916363368322,1.16676076953749,-0.0698526900279306,-2.762659801
410,51.5094638136366,-0.160916640650008,1.2559468182146,-0.0165555664762463,-0.8547866535
410.5,51.5094696089587,-0.160916553101283,1.31308996351789,0.0322548043713265,1.934985307
411,51.5094754410728,-0.160916039065414,1.28700745341966,0.0987599708989548,4.361153058
411.5,51.509481048087,-0.160915882408286,1.2201144859142,-0.0321530184116255,-2.363506575
412,51.5094868390185,-0.160916314861614,1.33651171424288,-0.0795736091226668,-2.972554945
412.5,51.5094926772839,-0.160916582732003,1.27293910859729,-0.00752934116109531,-0.3073878554
413,51.5094986491263,-0.160916326749544,1.36796938229935,0.0656952497894558,3.371765554
413.5,51.5095044413923,-0.160916067884051,1.23351809197253,0.0151185691372146,-0.1768673696
414,51.5095105981745,-0.160916064046145,1.46552309006959,-0.00967706011288863,0.2214416547
414.5,51.5095162145008,-0.160916177612395,1.09867608375583,-0.0200333836808504,-1.667273219
415,51.509521964265,-0.160916169189498,1.40594582305619,0.0160115940251667,1.772023468
415.5,51.5095277145066,-0.160915922101802,1.19103763840357,0.0471169473855048,1.299859451
416,51.5095336009111,-0.160915830741762,1.39298098293291,-0.0114163240925274,-0.1900811475
416.5,51.5095393516813,-0.160915998368636,1.20031293508648,-0.0315768948674344,-1.893993749
417,51.5095451024007,-0.160916119333132,1.33516135491536,-0.00644983773240224,0.3899712864
417.5,51.5095508072437,-0.160916279891804,1.22341336377662,-0.0333849767688488,-2.402253508
418,51.5095568136199,-0.160916929641439,1.41570086622305,-0.130003851900303,-5.321325088
418.5,51.5095623722247,-0.160917175315016,1.11171679306241,0.0330114805249576,2.161770053
419,51.5095680682428,-0.160917373059113,1.37648627098265,-0.0697854988779166,-4.643803017
419.5,51.5095737659711,-0.160917811869229,1.19179458950094,-0.0547311959570742,-0.8590020626
420,51.5095795171217,-0.160917766740102,1.3412873400544,0.0489645577643871,1.420104185
420.5,51.5095853134809,-0.160917624893857,1.25374393174782,-0.000792419571119925,0.3296294008
421,51.5095912902293,-0.160917660618033,1.38326186133159,-0.00787798807378749,-0.7570331344
421.5,51.5095969431324,-0.160918088534082,1.17009523011138,-0.0954948595191525,-4.65184696
422,51.5096024166774,-0.160918489251491,1.25146432148152,-0.027742807349344,-0.5794652379
422.5,51.5096079889383,-0.160918586908894,1.23184821643238,-0.00363202954861242,-0.6736740195
423,51.5096125266965,-0.160918740504163,0.854248175430103,-0.0337136845345917,-1.746322775
423.5,51.5096162546782,-0.160918724567071,0.812246194704813,0.0273615236098444,2.052009888
424,51.5096186776435,-0.160918792320345,0.347986355517451,-0.0351461997996604,-4.051327691
424.5,51.5096200231329,-0.160918928472733,0.265380953406777,-0.00753637643029759,-3.174898613
425,51.5096202027267,-0.160918932764518,-0.117829985483394,0.00426238932767083,1.466231926
