0,51.5092544613452,-0.16104548490271,-0.0160045250227091,0.0472025475672951,0
0.5,51.5092544164542,-0.161045482517622,-0.00577816653839173,-0.0324787800470511,-3.79780510777514
1,51.5092550000123,-0.161045507454662,0.224792772008722,0.0168487242057442,0.742854331423426
1.5,51.5092567524355,-0.161045461115595,0.505550680233897,-0.000855710806922162,1.14781318794084
2,51.5092593586737,-0.161045403074494,0.632000761668505,0.014299673035772,0.444541637298268
2.5,51.5092628637106,-0.161045333288039,0.883482708844393,0.0064634078867642,0.97910569779922
3,51.5092674916549,-0.161045187490391,1.13221807970642,0.0298913265708481,1.27333123620362
3.5,51.5092727031329,-0.161044981541107,1.17884219003397,0.0276906463575665,1.551922733693
4,51.5092786789806,-0.161044894634021,1.43535064922011,0.00113106679036865,-0.512026946944602
4.5,51.5092843412907,-0.161044964266723,1.13718977140099,-0.0172286242943943,-0.367313580821555
5,51.5092898239478,-0.161045002536364,1.27794310635991,0.00302644730209545,-0.131808206604167
5.5,51.5092957560533,-0.161045000738392,1.34943283102613,-0.00169409992926937,0.153481254390178
6,51.5093019126877,-0.161045040941511,1.38432456997977,-0.00830411631520235,-0.620419911068981
6.5,51.5093079793651,-0.161045056085429,1.32587139501872,0.00223814519567352,0.441922147863091
7,51.5093136417224,-0.161044996716971,1.21384271264252,0.0124472779493863,0.307796024685977
7.5,51.5093195735322,-0.161044906857454,1.39419116418249,0.0124983257377477,0.775406362963175
8,51.509325460432,-0.16104482837331,1.25095884911307,0.00977742383960812,0.177896480064218
8.5,51.5093314373426,-0.161044859726013,1.38527070261061,-0.0142450289920318,-0.552992312479217
9,51.5093371442619,-0.161044977500028,1.18912027929623,-0.0178291338613772,-0.922609780122872
9.5,51.5093431199369,-0.161044930625374,1.4280903134334,0.0235451932905574,1.48351967032548
10,51.5093488691117,-0.161044630079447,1.17513086124444,0.054462458510289,2.25325364875145
10.5,51.5093545275437,-0.161044287210287,1.31787629471942,0.0428107919418361,2.07757321488789
11,51.5093600519389,-0.16104398323415,1.16725116679193,0.0417862244948375,1.85547671874286
11.5,51.5093658919848,-0.161043731691754,1.39209279330454,0.0301263909488563,1.22370718866021
12,51.5093715535664,-0.161043573898006,1.16719431012752,0.016158839797153,0.769045590588448
12.5,51.5093773952842,-0.161043448285208,1.39276506433607,0.0183397884687421,0.768444703387969
13,51.5093831024501,-0.161043387389712,1.18396736189751,0.00153656461538207,-0.00548197064579133
13.5,51.5093888994987,-0.161043449383557,1.36412658337256,-0.0157092761322782,-0.759198844923612
14,51.509394516212,-0.161043600627519,1.1697980708361,-0.0247047234176218,-1.16610767706581
14.5,51.5094002228896,-0.161043741166491,1.33985962406302,-0.0158809875650292,-0.594749631562611
15,51.509405614881,-0.161043884692672,1.10177734350357,-0.0227627317517343,-1.30846100747009
15.5,51.5094112281573,-0.161044213157792,1.35214247583937,-0.0616004265608344,-2.87393099555703
16,51.5094170171091,-0.16104471062881,1.24334126118354,-0.0743079422994975,-3.26505781493012
16.5,51.5094228071229,-0.161045171279751,1.31990387138043,-0.0567212718034482,-2.41928974195339
17,51.5094286900022,-0.161045529775203,1.30143911957544,-0.0449180881816833,-1.93612130697753
17.5,51.5094347533493,-0.161045864485588,1.3826317531503,-0.0475658348794912,-2.00962945156614
18,51.5094405920209,-0.161046191793134,1.24080683372546,-0.043964959565203,-1.9972791243018
18.5,51.5094466111767,-0.161046485501518,1.40835770106009,-0.0385544713124217,-1.49083802298682
19,51.5094522271999,-0.16104669306528,1.13857537812973,-0.0220073460922483,-1.1515102946531
19.5,51.5094582934859,-0.161046817519783,1.49774810887244,-0.013972368934323,-0.315416226856068
20,51.5094640458025,-0.161046848393381,1.12755906301995,0.00249293995544628,-0.0683680119119971
20.5,51.5094695734608,-0.161046855356863,1.30170783650632,-0.00338878917914284,-0.0217122162192532
21,51.509475190874,-0.161046900008519,1.21375607622266,-0.00816787624876419,-0.546671757667362
21.5,51.5094809428624,-0.161046884095164,1.32622937459306,0.0094738621194073,0.74449960631867
22,51.5094865151793,-0.161046799690341,1.17953205512622,0.0132920608704135,0.338585562865301
22.5,51.5094919078558,-0.161046814214832,1.21426591840579,-0.0127329491729571,-0.531178413031914
23,51.5094975252221,-0.161046827978973,1.274947691914,0.00566403867406731,0.355967952624876
23.5,51.5095030077112,-0.161046750596608,1.18144919674523,0.0143012783213546,0.653277756251937
24,51.5095087149438,-0.161046705886624,1.33191396902611,0.000542894606251785,-0.0931083928322649
24.5,51.5095144223375,-0.16104673221606,1.22664957954235,-0.00659508746788973,-0.236764279985604
25,51.5095202645521,-0.161046758458384,1.35133466010964,-0.0015779365574775,-0.0844297088204884
25.5,51.5095261966416,-0.161046787055568,1.29805294237388,-0.00564580585872926,-0.260283535353444
26,51.5095319938735,-0.161046832710638,1.28433630897567,-0.0068248075889789,-0.302846233982725
26.5,51.509537700377,-0.161046970333758,1.25961727519969,-0.0277085455739705,-1.42153036388569
27,51.5095434509177,-0.16104720226525,1.29357895141532,-0.0353513945194327,-1.46185643075894
27.5,51.5095492472489,-0.161047341082959,1.28712737389135,-0.0080219086659968,-0.250534161805128
28,51.5095551343564,-0.161047388451643,1.32598230044551,-0.00556602799134933,-0.324811860594815
28.5,51.5095609316117,-0.161047411942157,1.26479456469919,-0.00164870881361741,0.035069133061546
29,51.5095667285045,-0.161047487131969,1.30748887609659,-0.0165944328599691,-0.96253420022935
29.5,51.5095725698825,-0.161047648162135,1.29443069690805,-0.0263950065550032,-1.00849179114958
30,51.509578410874,-0.161047840019136,1.30342519521218,-0.0268112622229728,-1.33991580785338
30.5,51.5095843410018,-0.161048085482403,1.33084752640663,-0.0391736128087971,-1.61924824372795
31,51.5095901369405,-0.161048272134016,1.26089092077768,-0.01663749739422,-0.683214457659686
31.5,51.5095957990988,-0.161048368304535,1.2592541755134,-0.0110547552353165,-0.53125536432189
32,51.509601506084,-0.161048342905815,1.27735702693864,0.0137336832079015,0.849489631327382
32.5,51.5096070783782,-0.161048277898515,1.21373419954619,0.0057313590203614,-0.015302776455994
33,51.5096115713921,-0.161048387276995,0.850000686513136,-0.0298306790286346,-1.72531575335947
33.5,51.5096152550817,-0.161048550379785,0.798463431759266,-0.017618841660481,-1.43995404698581
34,51.5096176364682,-0.161048619725298,0.341905048522929,-0.00403577744159588,-0.642059362349174
34.5,51.5096187411395,-0.161048398856512,0.178540872276796,0.0549609870619164,14.8655340570853
35,51.5096198955804,-0.161047640132411,0.311722642865231,0.14062366779516,29.7326963589735
35.5,51.5096207815536,-0.161046558627868,0.116939550940346,0.15685191309322,44.8621332633164
36,51.5096215911033,-0.161044856177214,0.224378305655983,0.292066082144121,60.5200299792426
36.5,51.5096220374467,-0.161043066831711,0.0117776843202707,0.217927636859271,75.9021925621403
37,51.5096222101432,-0.161040796941615,0.0570831714195385,0.383256802874959,90.1949824565919
37.5,51.5096220643525,-0.161039026504525,-0.0951078270261095,0.149630816439061,104.840226275652
38,51.5096216017258,-0.161037166902389,-0.10842671550703,0.334216367351406,118.631785446296
38.5,51.5096209818487,-0.16103576699615,-0.158588032413997,0.0964955553080637,132.087591660486
39,51.5096201737772,-0.161034641231464,-0.194665190418973,0.19818918182702,145.909147702715
39.5,51.5096190925489,-0.161033804829428,-0.272740809649813,0.0586997697284057,162.556557238405
40,51.5096181268289,-0.16103354298208,-0.174393407670388,0.020719072046085,178.23703404485
40.5,51.50961677915,-0.161033482678789,-0.387723847108034,-0.00026879392778293,178.564184522404
41,51.5096143531395,-0.161033384907591,-0.646303153069157,0.023266990794424,178.554640790478
41.5,51.5096109833587,-0.161033359156392,-0.822306502675307,-0.0102083372967945,180.898928098926
42,51.5096065356183,-0.161033526051453,-1.1068741174279,-0.0322496534537867,181.783744239451
42.5,51.5096010991801,-0.161033679808186,-1.28168083451073,-0.0137194412242585,180.238425372173
43,51.5095950773546,-0.161033651403516,-1.38075605511206,0.0163085176551866,179.424284699718
43.5,51.5095892353125,-0.161033632460141,-1.24339508010831,-0.00694438719268303,180.343850313536
44,51.5095833032539,-0.161033673863283,-1.37359912139627,-0.00491212350578407,180.155227518105
44.5,51.5095773264021,-0.161033742297618,-1.29940066645052,-0.0127154119874295,180.663496215703
45,51.5095715742341,-0.161033792477511,-1.26634632213723,-0.00294415763550842,179.960291969279
45.5,51.5095660465977,-0.161033807409231,-1.20454868844623,-0.00146371733503147,180.232866286227
46,51.5095601147362,-0.161033886798861,-1.40071704595814,-0.0177152965336531,180.72412074466
46.5,51.5095543626584,-0.161033973349132,-1.1953906705611,-0.00802946048225991,180.351785303915
47,51.5095487453597,-0.161033948763842,-1.28813499499254,0.0114239740115786,179.335253702188
47.5,51.5095432635678,-0.161033795494234,-1.17195450692302,0.0281824768013604,178.665653369122
48,51.5095377822316,-0.161033598265137,-1.25310851917046,0.0268281586604731,178.761847928169
48.5,51.5095318508186,-0.161033479253453,-1.36655546858015,0.00931297890402352,179.803480837959
49,51.5095259637029,-0.161033490470879,-1.27038584214731,-0.00916695736351353,180.332768421646
49.5,51.509520212406,-0.161033394719564,-1.28632710498213,0.02901895907959,178.476792721903
50,51.5095143712978,-0.16103323116192,-1.30914197408098,0.0182945002329333,179.52115588829
50.5,51.509508574742,-0.1610330943496,-1.27631832546816,0.0194883936051151,178.791251329654
51,51.5095028248612,-0.161032832239293,-1.2816387278906,0.0482292620230283,177.949990895354
51.5,51.509497075001,-0.161032568568911,-1.27790661354456,0.0284789179571951,178.771853595155
52,51.5094916378592,-0.161032488642051,-1.16222418937175,-0.00106850263937778,180.177022428328
52.5,51.509485975445,-0.161032474842806,-1.32841782653068,0.00400526471996438,179.648717686733
53,51.5094801783436,-0.161032493007767,-1.26303163091245,-0.00709152627007274,180.575343761764
53.5,51.5094747418364,-0.161032662655904,-1.17239657694205,-0.0350813989937965,181.655753203145
54,51.5094688574909,-0.161032954866077,-1.40524913140198,-0.0444192825298586,181.894035195819
54.5,51.5094632431978,-0.161033260818208,-1.1400970910856,-0.0411265639964786,182.001215190326
55,51.5094574927133,-0.16103346442105,-1.37722187771767,-0.0192719029847992,180.530140131646
55.5,51.5094515158575,-0.161033473761621,-1.29686615259807,0.0112854880019936,179.581609189297
56,51.5094459442764,-0.161033324870663,-1.19980810297613,0.0272459123047512,178.507683865939
56.5,51.5094400146529,-0.161033050256223,-1.40318876987455,0.0457506884099572,178.181615430907
57,51.5094341757232,-0.161032735513752,-1.22651475608362,0.0422695893671583,177.965349440111
57.5,51.5094281117464,-0.161032434728976,-1.43531717200494,0.0414116486248219,178.488931414142
58,51.5094221414459,-0.161032012170377,-1.25371969029212,0.0707569770648341,176.453365744544
58.5,51.5094163988417,-0.161031476592142,-1.29470509639904,0.0768935943430429,176.885177873899
59,51.5094105177075,-0.161031059978744,-1.318418345556,0.0445162726918684,178.052680199552
59.5,51.5094045443903,-0.161030721159743,-1.33668998076942,0.0488170036352325,177.893020751019
60,51.5093987493882,-0.161030479176907,-1.25644688144355,0.0229482742689387,179.121750394187
60.5,51.5093927727291,-0.161030377159948,-1.38133420502232,0.00801736833327869,179.657736528045
61,51.5093867512927,-0.161030259197883,-1.31085136847719,0.0222328576678045,178.941497213607
61.5,51.5093809994228,-0.161030178325428,-1.25821791125962,0.00352699294536022,180.053133714938
62,51.5093752021837,-0.161030213003923,-1.31222355442694,-0.0106547764901456,180.374608547697
62.5,51.5093693600507,-0.161030217014538,-1.29140206039078,0.0065116352735178,179.674480503049
63,51.5093635188217,-0.161030310830358,-1.30563510807012,-0.0267034359031505,181.473944313846
63.5,51.5093575884636,-0.161030542361023,-1.32938768535799,-0.035960580082796,181.317230353865
64,51.5093517481259,-0.161030780340314,-1.27870802153504,-0.0310027898002451,181.59585366998
64.5,51.5093462225287,-0.161031022293455,-1.19512394852052,-0.0354112803404184,181.53447125453
65,51.5093404713673,-0.161031195706393,-1.33895908952152,-0.0161463721606229,180.621386868161
65.5,51.5093346293417,-0.161031272510161,-1.27264656206597,-0.00682713492451534,180.3186715727
66,51.5093289219893,-0.161031317131659,-1.26812120936091,-0.0057539499659575,180.240379649428
66.5,51.5093231248665,-0.161031384498671,-1.30524725731131,-0.0118742805314978,180.590566389112
67,51.5093173728446,-0.161031484607125,-1.26219827278915,-0.0153186995244934,180.653887619189
67.5,51.509311845394,-0.161031514600864,-1.20738186803826,0.00364303822896623,179.734128552362
68,51.5093059133056,-0.161031499217226,-1.39881950695619,0.00108119643833073,180.080434250172
68.5,51.5093002508325,-0.161031514474498,-1.16282323491504,-0.00435833224663707,180.112236667147
69,51.5092944089013,-0.161031455907061,-1.39590592445039,0.0168757387058682,179.170893948993
69.5,51.5092887918777,-0.161031334011716,-1.14767012167927,0.0169605133028804,179.277432687719
70,51.5092829051413,-0.161031217847084,-1.42346199502352,0.0155484336084656,179.311579007635
70.5,51.5092769733485,-0.16103111861088,-1.24745154838719,0.0125409177294038,179.492191545821
71,51.5092712220344,-0.161030960249653,-1.30238752820641,0.0286027136974778,178.539082905972
71.5,51.5092654258835,-0.161030785995499,-1.28089312511747,0.0211110058391067,179.31141082223
72,51.5092606180895,-0.161030650279112,-0.922064208555046,0.0172583179522972,178.670279674057
72.5,51.5092572496317,-0.161030469473038,-0.628773194030103,0.0305986796322521,177.492949506673
73,51.5092545557216,-0.161030283106104,-0.578909449409592,0.0225730776053791,177.563232276839
73.5,51.5092531501607,-0.16102989481243,-0.126458129323792,0.0758560667247881,162.874943835048
74,51.5092519759396,-0.161029031029478,-0.355662925278555,0.150797834933065,147.811230052108
74.5,51.5092512161938,-0.161028036052393,-0.0384321569005691,0.129307147036066,133.676078456017
75,51.5092506898801,-0.161026883603328,-0.172191106031766,0.18152210014379,118.721879116467
75.5,51.5092501652146,-0.16102468422757,-0.0779363815437098,0.392100047668905,103.120517743511
76,51.5092500497305,-0.161022836596758,0.0108702097028394,0.161665631333685,88.319318007924
76.5,51.5092502210328,-0.161020997710679,0.0571909693915728,0.320905514524561,74.6993514883753
77,51.509250699376,-0.161019149932657,0.140913728972207,0.211536546673019,60.2379386436011
77.5,51.5092512126283,-0.161018071319361,0.0955131284204343,0.106532486035647,45.1070115128119
78,51.5092521309175,-0.161016939944377,0.28051069015731,0.192489787652161,30.0001002455774
78.5,51.5092533234677,-0.161016140386492,0.254759721216328,0.0539938166816665,15.4064400903476
79,51.5092545590716,-0.161015853119447,0.289071692819294,0.0300140822808121,1.10303777115474
79.5,51.5092559520233,-0.161015815875754,0.324574741614783,-0.0122184363981019,0.808675164771017
80,51.5092584236178,-0.161015789659406,0.70775093766476,0.0147413074775787,-0.0502112820382351
80.5,51.5092618840069,-0.161015803815169,0.813568239461667,-0.0136604007478257,-0.242307425623199
81,51.5092664229417,-0.16101583366522,1.14748776103325,0.00251613977658851,-0.227949141612002
81.5,51.5092718606997,-0.161015852453349,1.25375037041682,-0.00619625822973766,-0.019114670998969
82,51.5092777927356,-0.161015817597914,1.3663417035991,0.0125650467376104,0.439270966538736
82.5,51.5092835000104,-0.161015752171676,1.20250528482892,0.00664840476446523,0.380441956019729
83,51.5092893419045,-0.161015786379307,1.36811445872219,-0.0127286322495361,-0.799151979733309
83.5,51.5092949588426,-0.161015918121933,1.16709181574997,-0.0221879456022281,-0.877880961058969
84,51.5093006209913,-0.161015989556015,1.32490992111924,-0.00133052736921042,-0.0242323329992558
84.5,51.5093065980491,-0.161016000760288,1.33356087786344,-0.00171341082484749,-0.109809955896933
85,51.5093124852185,-0.161016020915106,1.29350224989185,-0.00355817682090013,-0.134993434051025
85.5,51.5093182825046,-0.16101604287514,1.28754229855239,-0.0026929632506864,-0.135871741917266
86,51.5093239449573,-0.16101607095142,1.24070957894153,-0.00474235736408725,-0.218679674479753
86.5,51.5093296972916,-0.161016078642935,1.30749286047029,0.00150406112797708,0.123067483990828
87,51.5093355386243,-0.161016184981966,1.29441082605133,-0.0261542625954337,-1.42475758042728
87.5,51.5093413343194,-0.161016403355478,1.28630449363107,-0.0332392657205648,-1.26900858817388
88,51.5093470859599,-0.161016520754125,1.2753139949273,-0.00444455902686704,-0.190455091192845
88.5,51.5093530179156,-0.161016488588508,1.35121687553842,0.0107039102042487,0.578192492484914
89,51.5093587701202,-0.161016429474144,1.23008872225534,0.00646125253134759,0.156656409192124
89.5,51.5093645673587,-0.161016388727866,1.33191381087949,0.00509531106650812,0.345928258558024
90,51.5093704537653,-0.161016255731859,1.29436669571193,0.0278270803353851,1.26956356901297
90.5,51.5093762946748,-0.161016055889706,1.30343907131369,0.0276939139086629,1.17660162485737
91,51.5093821362331,-0.161015927722661,1.29733377667743,0.0108681704198684,0.392191251711083
91.5,51.5093879784029,-0.161015903716866,1.30183884083183,-0.00194113735773622,-0.0983681204648227
92,51.5093936404014,-0.161015994930229,1.2305301795906,-0.0201721689158752,-1.05354323540868
92.5,51.509399616599,-0.161016157397578,1.39930130850726,-0.0242299850619626,-0.890224645143282
93,51.5094053229605,-0.161016330863402,1.17908806152211,-0.0239857044466833,-1.28321418477018
93.5,51.5094114336249,-0.161016524924041,1.48617680318188,-0.0290181109448868,-0.987366723452613
94,51.5094174550714,-0.161016566781828,1.2374654151982,0.0104321288245626,0.490296843110221
94.5,51.5094233415901,-0.161016434698151,1.36052294830857,0.0238759152762447,1.11408203148206
95,51.5094291372159,-0.161016214777687,1.23999979699775,0.035199166961554,1.59878673439046
95.5,51.5094348434818,-0.161016061570998,1.29056296850827,0.0115250748202949,0.320896932700585
96,51.5094405058385,-0.161016070293711,1.23855881577559,-0.0101265513143837,-0.431050534399192
96.5,51.5094463929282,-0.161016117939747,1.3599736192996,-0.00415827456916929,-0.14766733585589
97,51.5094523694737,-0.161016041979587,1.30882253566191,0.0208412073084135,1.05647282280257
97.5,51.5094580305996,-0.161015845596799,1.22531155630602,0.0317673564891602,1.42367257088729
98,51.5094637357499,-0.161015589243038,1.30042277709651,0.0382752063625765,1.7885314898078
98.5,51.5094693502996,-0.161015295773436,1.21357256862523,0.0424809045338029,1.94774065978111
99,51.5094752339793,-0.16101497039486,1.37617407654292,0.0470690244254322,2.00512277290549
99.5,51.509480983608,-0.161014689301599,1.21164425895826,0.0334037778478494,1.48965927513408
100,51.5094867799297,-0.161014565260305,1.34447816431132,0.00589731261311876,0.0404838961942933
100.5,51.5094922177077,-0.161014565480762,1.11586473341589,-0.00418015782613824,-0.0433828905496356
101,51.5094981497441,-0.161014605245939,1.46286188646555,-0.00646046026503192,-0.435953662089657
101.5,51.5095039469573,-0.161014631989339,1.16896305958523,-0.00179045705113585,0.106085761272896
102,51.5095094745599,-0.161014596428875,1.2727041190489,0.00964736591537593,0.353929374389623
102.5,51.5095154514152,-0.16101461499127,1.37002842008162,-0.011134808015731,-0.57600684789748
103,51.5095213384371,-0.161014675920206,1.26791927299929,-0.00658790384181173,-0.164050981293189
103.5,51.5095267305231,-0.161014789662394,1.15217161993898,-0.0222372965919239,-1.34423393308186
104,51.509532345804,-0.161015041692049,1.3176250435547,-0.0439254536082415,-1.8643269326559
104.5,51.5095377351581,-0.161015351049215,1.11634419354675,-0.0422758850639704,-2.23848317717585
105,51.5095434840215,-0.161015669830444,1.39323573972323,-0.0456551221308193,-1.72503679269221
105.5,51.5095490087324,-0.161015958329432,1.11461937493225,-0.0361415312166586,-2.00767602434346
106,51.5095548929877,-0.161016253725078,1.44565910890963,-0.0444289900919008,-1.58083267907738
106.5,51.5095607328685,-0.161016519784672,1.19714531547014,-0.0317029940995103,-1.67604427516147
107,51.5095663491122,-0.161016688517412,1.2865076621146,-0.0176372119159625,-0.472013016782913
107.5,51.5095722807301,-0.161016806158878,1.34325360424286,-0.0154231773257404,-0.946091849155805
108,51.5095777625728,-0.16101696286273,1.13339077567679,-0.0261936595204866,-1.09776393506882
108.5,51.5095835113766,-0.161017262676913,1.38128063380842,-0.0524354517449269,-2.63013896192318
109,51.5095894360008,-0.161017738842682,1.27426697608774,-0.0756939018815892,-3.11204024302473
109.5,51.5095954956784,-0.161018211299021,1.40026449634991,-0.0585373626014827,-2.45869965979918
110,51.5096013775404,-0.16101861229282,1.24480221611516,-0.0536782295356082,-2.413263797787
110.5,51.5096069013205,-0.161018941174784,1.21817084232802,-0.0400576511936981,-1.84219992520774
111,51.5096117517854,-0.161019217437971,0.982111481609802,-0.0371714151399436,-2.22878763270045
111.5,51.5096151640641,-0.161019452724463,0.603316803052595,-0.0295192503065926,-2.69872280990311
112,51.5096174986934,-0.161019617235929,0.460820476747194,-0.0181693597946786,-2.33676333222125
112.5,51.5096191401641,-0.161019376598018,0.298360305385482,0.0695209874975195,12.7903811913947
113,51.5096201809127,-0.161018745551381,0.18484155571013,0.100293488237056,28.6589464390692
113.5,51.5096209660984,-0.161017808419197,0.167630514210632,0.151004043853371,44.6958763739869
114,51.5096215784736,-0.161016496657784,0.114307580273946,0.203937653666727,61.7021630172385
114.5,51.5096221724811,-0.161014030260693,0.144685526958377,0.439435168210327,76.0889594864905
115,51.5096222964466,-0.161012256369178,-0.0543862764708243,0.111121390532226,91.1310554569047
115.5,51.5096221295219,-0.161010417787274,-0.0250738046054717,0.356211165296599,105.42525175807
116,51.5096217199477,-0.16100883303386,-0.13738180537986,0.124732265584838,119.570675950995
116.5,51.5096211590075,-0.161007631805629,-0.116024906769083,0.196236611918096,134.047529919669
117,51.5096202159627,-0.161006435448935,-0.275517000883551,0.145033652290098,149.220556312927
117.5,51.5096191939303,-0.161005723367913,-0.193751920763403,0.0665627458033451,163.783973372539
118,51.5096180487998,-0.161005446929187,-0.297553002481379,0.0186592765230285,179.083020052742
118.5,51.5096165209635,-0.161005415315461,-0.369661958435898,-0.00559909166015068,179.437471091629
119,51.5096142740902,-0.161005375006114,-0.591182566253307,0.0134343624292717,179.279749741217
119.5,51.5096106798713,-0.161005249445491,-0.945791327752799,0.0202344626750512,178.222649340093
120,51.5096056942211,-0.16100498568931,-1.22391500011593,0.0480953849479522,177.995833321178
120.5,51.5096001687749,-0.161004744646554,-1.23342218402413,0.0232312539082413,178.885546552298
121,51.5095942825257,-0.161004577469452,-1.36325147947605,0.023200199504569,179.083800369548
121.5,51.5095886205002,-0.161004468100991,-1.18755177440677,0.00957623814191754,179.53504484602
122,51.5095831378834,-0.161004419241912,-1.24267492567139,0.00482979888977018,179.827725380592
122.5,51.5095772059633,-0.161004458626468,-1.37405093777666,-0.0126775686733572,180.647031618037
123,51.5095714101941,-0.16100465271481,-1.23058463719854,-0.0369401879382737,181.747212504186
123.5,51.50956552496,-0.161004890160253,-1.36485375689192,-0.030190789973694,181.137162254557
124,51.5095596849367,-0.16100514007046,-1.25376304823832,-0.0378576798754521,181.922049950913
124.5,51.509553890977,-0.161005455458025,-1.3141016670213,-0.0479467781765502,181.968809872832
125,51.5095480069177,-0.161005762229805,-1.3059474468994,-0.0388506650800574,181.757926774563
125.5,51.5095421220542,-0.161006025730221,-1.31195960444574,-0.03500375636923,181.442998106971
126,51.5095362807753,-0.161006167123691,-1.29126391689092,-0.00887327592583142,180.287742534783
126.5,51.5095304851969,-0.161006032005147,-1.28846336880376,0.0381060073954089,178.045274381159
127,51.5095246920243,-0.161005682910018,-1.28951369564478,0.0557296636243385,177.647808988322
127.5,51.509518767358,-0.161005213131048,-1.33851980656024,0.0718805267885652,176.686936637739
128,51.5095130669944,-0.161004765746938,-1.21936642614324,0.0552886306844329,177.70548997355
128.5,51.5095072287263,-0.161004421873474,-1.35494021478427,0.0424692847433016,178.084694461941
129,51.5095010743555,-0.161004149290772,-1.37961372331712,0.0346146521172845,178.749034929993
129.5,51.50949523281,-0.161004049762072,-1.24400684765641,-0.000736502256943754,180.032682007784
130,51.5094896602742,-0.161004082551319,-1.23717085987478,-0.0072243525031317,180.388064638917
130.5,51.5094838181271,-0.161004134746804,-1.34394446787759,-0.00726370318785846,180.250787066144
131,51.5094780658268,-0.161004177193935,-1.23521574767698,-0.0049350587454251,180.276865282618
131.5,51.5094724486556,-0.16100426861791,-1.26020927694973,-0.0181261033144098,180.886916950388
132,51.509466741949,-0.161004413318816,-1.27658317363864,-0.0214684046743661,180.926066091979
132.5,51.5094609901892,-0.161004545590728,-1.28216418399101,-0.01619493134596,180.718235227099
133,51.509454788693,-0.161004627761815,-1.44838352279673,-0.00806005437843471,180.229216375628
133.5,51.5094490365328,-0.161004697515171,-1.16205540033988,-0.0108232617519853,180.637885820037
134,51.5094433294331,-0.161004794465203,-1.34543962019856,-0.015308802486106,180.576790942861
134.5,51.5094374424558,-0.161004812826626,-1.2851146192765,0.00638194156274239,179.646236329201
135,51.5094316002742,-0.161004775460161,-1.31039689798777,0.00435300896605035,179.896413072639
135.5,51.5094258481307,-0.161004823257338,-1.25863971419044,-0.0143296494215062,180.697760462942
136,51.5094201416446,-0.161004981920134,-1.27759847175226,-0.0274216676845301,181.29019882247
136.5,51.5094144798867,-0.161005075415642,-1.24740759220421,-0.00287449097146202,179.89058080576
137,51.5094085028519,-0.161005047550788,-1.38780398892008,0.0085896561875808,179.776058356142
137.5,51.5094026607639,-0.161004984781646,-1.23847890051522,0.00880392985567752,179.455667040953
138,51.5093967737878,-0.161004906624327,-1.35998670310049,0.0122863278812501,179.595013494247
138.5,51.5093910217331,-0.161004815128114,-1.22389323884145,0.0129973053921253,179.267592729106
139,51.5093853595963,-0.161004716639209,-1.28514457919407,0.014150252991513,179.488651967542
139.5,51.5093794278094,-0.161004616624294,-1.34427174192572,0.0137034086118567,179.30573394962
140,51.5093734061114,-0.161004522033312,-1.33689424429188,0.0127358796739113,179.571053315755
140.5,51.5093676987971,-0.161004507649058,-1.22313360540304,-0.00551970256200549,180.248727758783
141,51.509361946709,-0.161004467345817,-1.31970307493061,0.0133774018871447,179.250250056166
141.5,51.5093560599976,-0.161004348073818,-1.30302965562063,0.0187900658033405,179.301018315595
142,51.5093504884001,-0.161004186920397,-1.19549993455917,0.0248873479420614,178.630946001174
142.5,51.5093450522949,-0.161003970846902,-1.21951676997566,0.0335831835559829,178.527407515958
143,51.5093391663436,-0.161003787047719,-1.37287254037881,0.0198777261323909,179.239958957368
143.5,51.5093333694651,-0.161003775504763,-1.23182903784797,-0.0111896833422048,180.617654754508
144,51.5093277973636,-0.161003893070357,-1.24553099728631,-0.0199186874304256,180.89097173369
144.5,51.5093219105437,-0.161003956324578,-1.35499112343343,-0.000988137447306773,179.877358476829
145,51.509316248735,-0.161003848223388,-1.19325191120185,0.0262090873283217,178.757428421687
145.5,51.5093104076143,-0.161003665960066,-1.37429940304685,0.024677079107556,179.011600226765
146,51.5093047455603,-0.161003596741553,-1.17982893249559,-0.000934853757500805,180.114250392349
146.5,51.5092991280262,-0.161003602099559,-1.29911729175367,-0.000610365231033286,179.953952570449
147,51.5092934655502,-0.161003606060789,-1.23261604434887,-0.000507797060583402,180.096070413922
147.5,51.5092876235236,-0.161003670247649,-1.34708718910808,-0.0147959225864608,180.689566329215
148,51.5092818268037,-0.161003800572799,-1.24981882549842,-0.0204062562325719,180.917979877387
148.5,51.5092759849712,-0.161003898418885,-1.33497183766509,-0.00881230535473907,180.279655577576
149,51.5092704124541,-0.161003946951804,-1.17348825977634,-0.00528764059899307,180.343113258992
149.5,51.5092647950881,-0.16100401623228,-1.30349219110708,-0.0126523942813652,180.538779494143
150,51.5092602113373,-0.161004077559734,-0.821494071779391,-0.00561974707429581,180.417907980214
150.5,51.5092567959516,-0.161004114683263,-0.716924262606449,-0.00482923381740259,180.359321250505
151,51.5092546388381,-0.16100412774393,-0.314144656071691,0.000297476308167986,180.073627604921
151.5,51.509252871648,-0.161003758023293,-0.448590414374847,0.0870648050994417,165.050330090902
152,51.5092517566855,-0.161003030623214,-0.107754044520701,0.110758377634351,150.646666669049
152.5,51.5092507874303,-0.161001885412081,-0.291221462337982,0.192797729266915,136.551020850043
153,51.5092500757619,-0.161000509136946,-0.0653544882997166,0.189913150046066,122.743648899937
153.5,51.5092497031778,-0.160999213763378,-0.095192759108914,0.172835436667901,106.749199058783
154,51.5092495641903,-0.160997804112251,0.0140588226458772,0.211765205273271,91.2083627778907
154.5,51.5092497114198,-0.160995821183298,0.0458527142526246,0.319837354874091,75.2207093023142
155,51.5092501484018,-0.160994101300144,0.133204404429462,0.182094538182528,60.4703815225595
155.5,51.509250608283,-0.160993138217471,0.0807204924810614,0.099870756641522,44.6814830463497
156,51.5092516310308,-0.160991868386717,0.330380111447832,0.229835686105138,30.8531854587873
156.5,51.5092528163879,-0.160991042490663,0.21713010484449,0.0340688623507075,16.1437267749081
157,51.5092539177413,-0.160990789170293,0.264628272984113,0.0359483990820146,0.191824410293284
157.5,51.5092553108709,-0.160990777736547,0.341752469017659,-0.0224649287406272,0.395042377625796
158,51.5092573780695,-0.160990753326473,0.542751955446803,0.0214874794957474,0.44931309343666
158.5,51.5092611080006,-0.160990753556559,1.03102981736549,-0.0150955478067365,-0.453724084446516
159,51.5092656019331,-0.160990800515552,0.978241326406701,-0.000517845228520851,-0.293468024629178
159.5,51.5092711293494,-0.160990768952807,1.40613893300617,0.00781291598663434,0.701784498751902
160,51.5092771057483,-0.160990628114331,1.27645150169416,0.0277760474036762,0.983202368539959
160.5,51.5092830374341,-0.160990544194337,1.35031861727402,0.000366178091873937,0.0284284710546425
161,51.5092887896897,-0.160990581382559,1.23073693067193,-0.00903464632784383,-0.490714600024993
161.5,51.5092943620612,-0.160990662163889,1.24639765766891,-0.0127442687363219,-0.545870609929268
162,51.5092999344887,-0.160990678985322,1.23545632150941,0.00495027078739152,0.33001470376315
162.5,51.5093057317263,-0.160990636810576,1.32815634537712,0.00649020316767714,0.190189920037167
163,51.5093112144304,-0.160990620527498,1.14428476737341,-0.000699505373434053,0.0221770345520003
163.5,51.5093173262294,-0.160990582165149,1.5109685264424,0.00954512391701859,0.426650629888305
164,51.5093232581964,-0.160990513308303,1.18626311996439,0.00957213696861156,0.403365352641581
164.5,51.5093287846815,-0.160990356834398,1.26017150239532,0.0302353129340494,1.62102061432476
165,51.5093345338226,-0.160990051642339,1.29266178832643,0.0508761376039013,2.17350093346139
165.5,51.5093405056655,-0.160989652982459,1.35416209635061,0.0584907099295105,2.59727055866126
166,51.5093461175643,-0.160989249651031,1.1749524005997,0.0542632205653445,2.53851338070191
166.5,51.509352089949,-0.160988873870903,1.43676365307217,0.0507189443136698,1.95833645683242
167,51.5093580196277,-0.160988607324071,1.23734092636281,0.0274153229820432,1.25513033284742
167.5,51.5093639055302,-0.160988410879257,1.3603772226315,0.0271802172231169,1.1310869314377
168,51.5093701052195,-0.160988159739858,1.3929509263733,0.0402554802046085,1.76490700016125
168.5,51.509375989962,-0.160987888875605,1.25101146718133,0.0357588536933152,1.52550273056942
169,51.5093816963412,-0.160987746027921,1.28289787914051,0.00868809039248308,0.264370785176981
169.5,51.5093874935594,-0.160987696619664,1.29493992799223,0.00558118621221823,0.345054995363965
170,51.5093931109108,-0.160987714116556,1.2184706135611,-0.00803698186958044,-0.567782438546099
170.5,51.5093989976905,-0.160987823314502,1.3739183058405,-0.0201503487980474,-0.758579990990162
171,51.5094050192211,-0.160987943997642,1.31607844251834,-0.0143820746870275,-0.674471917926227
171.5,51.5094105015929,-0.160988042818067,1.15261362188409,-0.0132591581470825,-0.61438506484133
172,51.509416253786,-0.160988098674277,1.36910685459864,-0.00390347380066957,-0.0799633485274225
172.5,51.5094217364336,-0.160988073638268,1.11559809424824,0.00864219252349008,0.406489736769014
173,51.5094277132492,-0.160987988277761,1.47998781593461,0.0140998478429782,0.614732528915171
173.5,51.5094332845628,-0.160987813445984,1.07152194717626,0.0313992140183774,1.62890065947193
174,51.509439079884,-0.160987571664454,1.44218552926727,0.0350931648395919,1.35367902222463
174.5,51.5094448759151,-0.160987379037176,1.18298952988614,0.0209045154629889,1.02244615774212
175,51.5094507625832,-0.160987268666647,1.39871286930107,0.0114198345720844,0.318181524985296
175.5,51.509456424923,-0.160987205908067,1.16284777395072,0.00682029501772614,0.474346487176151
176,51.5094624017396,-0.160987119274551,1.44691341278622,0.0156756547985655,0.562103812652546
176.5,51.5094679292448,-0.160987058448369,1.07810225409834,0.00338507435508819,0.224758651549955
177,51.5094738612908,-0.160987011220562,1.48929950437169,0.00877857988912209,0.344531799302812
177.5,51.5094796583204,-0.160986926123559,1.15038749191438,0.0139421536062803,0.70510910856427
178,51.5094859046864,-0.160986904994033,1.55760067436431,-0.00477188060223648,-0.46322587677608
178.5,51.5094917907533,-0.160987067245238,1.13625765540909,-0.0349590935565971,-1.50767120404822
179,51.5094975857387,-0.160987329237099,1.39674355109483,-0.037371826501835,-1.72427593564728
179.5,51.509503560506,-0.160987593591859,1.28241123130823,-0.0362406678879558,-1.43872805523386
180,51.5095094911307,-0.160987805507836,1.34574561576594,-0.0246542965699779,-1.11594401254843
180.5,51.5095150629273,-0.160987955173603,1.16567422653288,-0.0180705909705205,-0.804626987219261
181,51.5095208149363,-0.160988051669133,1.35989491325573,-0.0101283496718057,-0.394915185210743
181.5,51.5095267019539,-0.160988121979497,1.27501136684394,-0.00950690974184502,-0.459088352176157
182,51.5095327238354,-0.160988180203544,1.3854461206879,-0.00708894200000677,-0.232278496625076
182.5,51.5095383862814,-0.160988185870732,1.17217470131825,0.00362452054693941,0.160712440515405
183,51.5095445430913,-0.160988177462814,1.50847242271723,-0.000552476864003483,-0.0630615611119945
183.5,51.5095503399877,-0.160988260048927,1.13691612775506,-0.0191076999601556,-0.955631895319622
184,51.5095562263032,-0.160988421855323,1.43083090998921,-0.0248189690193989,-1.00977727610425
184.5,51.5095620228893,-0.160988566541661,1.19114779432654,-0.0167798906889003,-0.774915530028799
185,51.5095676850203,-0.16098866417036,1.30806437811617,-0.0112993005633235,-0.457973919553799
185.5,51.5095735270367,-0.160988746081701,1.29426972135527,-0.0114256335647525,-0.544593134698333
186,51.5095792341624,-0.160988838893531,1.25289959095846,-0.0139102541357968,-0.618231379604916
186.5,51.5095848510192,-0.160988974053315,1.24771180623299,-0.02216723453166,-1.10230807960427
187,51.5095905115328,-0.1609892061751,1.26785770706718,-0.039275182467049,-1.82931671147441
187.5,51.5095962618989,-0.16098944171968,1.28774495339753,-0.0281075612650569,-1.0990542665782
188,51.5096020586304,-0.160989554198286,1.29136292073843,-0.00687522645867604,-0.288367475432152
188.5,51.5096074513209,-0.160989536245302,1.13598998545864,0.0090504509519122,0.526420351279323
189,51.5096120345792,-0.160989421472957,0.938559425392015,0.0207566335943845,1.26406370427166
189.5,51.5096158522623,-0.160989221860229,0.787159468863413,0.0325888279081651,2.47340152123723
190,51.509618230888,-0.160989026161133,0.348773598985625,0.0233824787769145,3.40452832527109
190.5,51.5096198987077,-0.160988539133031,0.386760391518752,0.0985949628119213,17.2496893531451
191,51.5096206285769,-0.160988004978927,0.00536223545610837,0.0570702864039895,31.8407467434536
191.5,51.5096213603647,-0.160987066968705,0.273066735498008,0.181467554103455,45.4689023952131
192,51.5096220763695,-0.160985520353907,0.079703182641884,0.238050209296321,61.3878804458129
192.5,51.509622463041,-0.160983922301255,0.0904776759965501,0.210584222908652,76.2236979491659
193,51.5096225626879,-0.160982431934458,-0.0256400131301023,0.204391231731226,91.5448174062756
193.5,51.509622369885,-0.160980455952798,-0.0549853698049765,0.323355426213643,106.229403800504
194,51.5096220164573,-0.160979143680863,-0.0952046575563844,0.083412209571171,120.461139931481
194.5,51.5096213401485,-0.160977722142878,-0.189190472581216,0.277164652010501,134.184376651247
195,51.5096205400032,-0.16097669362426,-0.17024521416308,0.0487659580492948,148.348789638182
195.5,51.5096195667572,-0.160975979495613,-0.248987305834882,0.134433480253028,162.447782737634
196,51.5096184703402,-0.160975656029248,-0.24046091500216,-0.0177493872330734,176.689997421495
196.5,51.509616855489,-0.160975498402553,-0.442542378041503,0.0496322627971761,176.338861313995
197,51.5096141182742,-0.160975260767572,-0.725652467942026,0.021351021727515,177.459306282424
197.5,51.5096104801434,-0.160975083522608,-0.868273435410953,0.0268928638664597,179.058084518599
198,51.509605806723,-0.160974995748033,-1.16006749079033,0.00189413892823372,179.598974434333
198.5,51.509600279159,-0.160974944913854,-1.27891666498694,0.0106734861513693,179.743427912241
199,51.5095945725544,-0.160975031864807,-1.26344961628588,-0.0279961733140077,181.346070295225
199.5,51.5095885515844,-0.160975201115294,-1.39319452127518,-0.0203541846778041,180.663772216842
200,51.5095829344509,-0.16097530934383,-1.14961005796752,-0.011299374258372,180.713910674508
200.5,51.5095772272726,-0.160975383845994,-1.3541812392795,-0.00967664677668373,180.219517819482
201,51.5095715199299,-0.160975372415484,-1.21104357696264,0.00947182077861465,179.637271733156
201.5,51.5095656328074,-0.160975339760619,-1.37924698725364,0.001077896476422,179.966097491121
202,51.509559880465,-0.160975320635587,-1.21052003325791,0.00375993090070494,179.796163642786
202.5,51.5095538135416,-0.160975306861855,-1.4476284140385,0.000619334621539458,180.04149607764
203,51.5095479713673,-0.160975341903725,-1.19663456176566,-0.00870516014344939,180.387402129352
203.5,51.5095423989475,-0.160975412903293,-1.27028769342234,-0.0106658228302407,180.523656392868
204,51.5095365122543,-0.160975530393762,-1.33761368816037,-0.0202675310377043,180.903436947419
204.5,51.5095308052956,-0.160975642170518,-1.22249560893347,-0.0121976175111923,180.497016907271
205,51.5095250980388,-0.16097571065872,-1.30319102515523,-0.00762830149037922,180.36105552424
205.5,51.5095193907553,-0.160975773841619,-1.24671437090441,-0.00957450821786054,180.430546606695
206,51.5095134590317,-0.160975878844371,-1.37114905918089,-0.0180837404121502,180.835197576001
206.5,51.5095078421873,-0.16097602015694,-1.16493250036886,-0.0206982131100202,180.963659228176
207,51.5095018666966,-0.160976233512572,-1.44495259868429,-0.0358738538692707,181.589057490687
207.5,51.5094959813854,-0.160976470011901,-1.21482545701979,-0.0307139827477541,181.28379595858
208,51.5094904556521,-0.16097670149767,-1.23989355826227,-0.0331424481524707,181.711084690067
208.5,51.5094847049113,-0.160976909759103,-1.3074616145309,-0.0259604222346432,180.878053557316
209,51.5094792228244,-0.160977043182391,-1.15853770656985,-0.0133222912212036,180.862135715708
209.5,51.5094730674287,-0.160977248061114,-1.51748333171949,-0.0390360553888025,181.517566703996
210,51.5094673169928,-0.160977486470115,-1.11303340448973,-0.0289512559138639,181.446372457439
210.5,51.5094613412356,-0.160977680991043,-1.48138279832862,-0.0256508326257698,180.880957655557
211,51.5094556807427,-0.160977905759915,-1.10428022328929,-0.0351011703888649,181.957859578226
211.5,51.5094498855921,-0.160978147084755,-1.41919026598091,-0.0323939817635683,181.019175875872
212,51.5094438646852,-0.160978330809736,-1.28415217213163,-0.0206925552964313,181.162540594945
212.5,51.5094382928583,-0.160978474803414,-1.20880114566182,-0.0195049709840285,180.685249791704
213,51.5094324059738,-0.16097856749853,-1.38072663085404,-0.00822723877341597,180.440655773318
213.5,51.5094266091484,-0.160978679445077,-1.22631130742099,-0.0206659624775423,180.940186631849
214,51.509420722363,-0.160978758892996,-1.36843206921925,-0.00428754328537181,180.024838798609
214.5,51.5094147902409,-0.160978761714246,-1.2860974317467,0.002335322912814,180.009168819227
215,51.5094089930808,-0.160978808323548,-1.29267833190229,-0.0126368754706651,180.56573934925
215.5,51.5094029263149,-0.160978834839506,-1.39005802421186,0.00258670661927928,179.74679221594
216,51.5093969942218,-0.160978816378231,-1.27094826579504,0.00254709980639311,180.030672887612
216.5,51.5093912419284,-0.160978850399285,-1.28631056314493,-0.00981366001391333,180.392238864068
217,51.5093856695053,-0.160978841014455,-1.20751571535876,0.00908485690631397,179.487333213548
217.5,51.5093799635016,-0.160978661915495,-1.31320289898508,0.0359170274015212,178.268523458711
218,51.5093743938919,-0.16097837021941,-1.18762681226879,0.0437131416874067,177.987816120533
218.5,51.5093684640484,-0.160978120517639,-1.41179911156505,0.0283430828426889,179.001787522851
219,51.5093626679045,-0.160977936229828,-1.20430272467076,0.0236611175219535,178.724970115071
219.5,51.5093569162951,-0.160977809459632,-1.33270369900434,0.0133614209726777,179.699067981028
220,51.5093514336281,-0.160977800686269,-1.14108761321362,-0.00728203511572447,180.18650739307
220.5,51.5093454566696,-0.160977853121409,-1.46219922448986,-0.00727993415721377,180.440804154237
221,51.5093397045438,-0.160977935700898,-1.15237148998145,-0.0143970062936996,180.585740129168
221.5,51.5093339977659,-0.160978067525972,-1.35209674180339,-0.0210395224854207,181.06592695484
222,51.5093281561781,-0.160978107395451,-1.26328485761407,0.00531643818466744,179.422109907807
222.5,51.5093223141122,-0.160978039897186,-1.32563402107583,0.0122115232799203,179.751729856041
223,51.5093165618111,-0.160977997792685,-1.2480334277806,0.00139074281713658,179.724875095748
223.5,51.509310764609,-0.160977944121423,-1.31933896183444,0.0116956358933109,179.613115286943
224,51.5093048325578,-0.160977904479105,-1.32043573371544,0.00117066560525824,179.909028256672
224.5,51.5092994846641,-0.160977901995974,-1.09869319726456,-0.000233320278105005,180.057769863332
225,51.5092935079276,-0.160977836204902,-1.49179127662382,0.0156933793283799,179.155108313876
225.5,51.5092877559189,-0.160977792515727,-1.13161272586412,-0.000672486254195619,180.301770128459
226,51.5092819586622,-0.160977825339676,-1.40085410833761,-0.00727739099343903,180.103097009007
226.5,51.5092762065948,-0.160977898995558,-1.19529095986018,-0.012292385186482,180.812533629627
227,51.5092704101019,-0.16097805262658,-1.35599037186534,-0.0276601210417927,181.082514184673
227.5,51.509265063415,-0.160978233998419,-1.07334843998826,-0.0234509645891584,181.342791309211
228,51.5092602561928,-0.160978419364191,-1.06712939434808,-0.027340151518104,181.413961326961
228.5,51.509256886848,-0.160978561942765,-0.527563253840186,-0.0145177503691971,181.611239297702
229,51.5092548203497,-0.160978651489957,-0.412419527178609,-0.0109753062330474,181.486589468882
229.5,51.5092534050423,-0.160978395127802,-0.246688016524012,0.0681973366747156,165.615775173502
230,51.5092523720715,-0.160977727916458,-0.218069980483947,0.109757978840779,150.479496598342
230.5,51.5092513762877,-0.160976523678519,-0.224035546169124,0.207431368997508,135.441031064132
231,51.5092505538961,-0.160974834858939,-0.154268952659705,0.253446137666107,120.493933414199
231.5,51.5092500418705,-0.160972932026804,-0.0857004902799223,0.271753752190563,106.159275293394
232,51.5092498672529,-0.160971025990166,-0.00606390556925315,0.259694851454254,90.5448681304044
232.5,51.5092500246154,-0.160968970938109,0.0637717556372408,0.303311368656149,75.4633920038005
233,51.5092505490951,-0.160966924916324,0.153759656431874,0.270648195477827,59.8714210204803
233.5,51.5092513927231,-0.160965172416877,0.211495346533311,0.22422607367084,44.8328721546266
234,51.5092523109423,-0.160964038579278,0.199296717199645,0.110685606720778,30.3988856021064
234.5,51.5092532957417,-0.160963370224874,0.233021648796443,0.080286009107131,15.5063654814818
235,51.5092547076505,-0.160963067879775,0.370980906612968,0.0151687486826439,-0.284163493961445
235.5,51.5092565501771,-0.160963066674534,0.437303266014666,-0.0103336253632876,0.330937700304931
236,51.5092587968791,-0.16096301499171,0.543768885512777,0.0194333345783598,1.31387780309019
236.5,51.509261896792,-0.160962891142051,0.791995077492977,0.015631534795644,1.54240762016026
237,51.5092664792914,-0.160962709434036,1.17906874222194,0.0319503284740458,1.29243689262143
237.5,51.5092718265096,-0.160962612983118,1.19739454904726,0.000402126576634902,-0.00268474083484884
238,51.5092775788665,-0.16096262128636,1.33782213969387,-0.0022414786668062,-0.100531449082522
238.5,51.5092833760403,-0.160962672288686,1.2564761567342,-0.0104701230273188,-0.528562235138846
239,51.509288993422,-0.160962737569535,1.24540667929344,-0.00808053188290797,-0.302417090008549
239.5,51.509294790221,-0.160962845038157,1.32102520795474,-0.0197117139819439,-1.02320575815629
240,51.5093004508065,-0.160963070933181,1.21656546697547,-0.0395245621475913,-1.8297919627078
240.5,51.5093061099593,-0.1609633813107,1.2891452844319,-0.0455977424549938,-2.09047080128113
241,51.5093119946707,-0.160963641346024,1.32366362474419,-0.0294631804954606,-1.06848025674148
241.5,51.5093177465317,-0.160963728943555,1.24924621361431,-5.32563809870629e-05,-0.0204902126465706
242,51.5093233190408,-0.160963694485618,1.23349322147307,0.00817110801044449,0.462652779584511
242.5,51.5093291162339,-0.160963642526306,1.32951369200015,0.00654526777815197,0.178241930511683
243,51.5093347787009,-0.160963628300844,1.21133523284849,-0.00122375454223851,0.00139923765642478
243.5,51.5093403513002,-0.160963631505251,1.26006504648878,0.000100225164053443,-0.0425175531331917
244,51.5093456991959,-0.160963639963424,1.14095342158077,-0.00206671640974283,-0.0705762822571634
244.5,51.5093518110454,-0.16096366844972,1.51331957695585,-0.00527751148952724,-0.262702358529763
245,51.509357203836,-0.160963704800228,0.980658104039304,-0.00488630738380885,-0.21928947450909
245.5,51.5093630010264,-0.160963685954866,1.5064972154315,0.00786887684247869,0.451740568076055
246,51.5093687532757,-0.160963667880074,1.12140958972958,-0.00124164636309255,-0.227052376800271
246.5,51.5093743707186,-0.160963718707703,1.33997640582029,-0.0111287440889468,-0.419943822024284
247,51.5093801678795,-0.160963783338219,1.25496329694422,-0.00746595458672075,-0.377243452524171
247.5,51.5093862342157,-0.160963907212651,1.41629589671407,-0.0240144682294861,-1.08283685499269
248,51.5093921205698,-0.160964063984505,1.23527959018538,-0.0201959611462134,-0.821425218039808
248.5,51.5093979166363,-0.160964248691725,1.32783708372463,-0.0294630699242332,-1.45701794838713
249,51.5094037110789,-0.160964535928698,1.26243254011392,-0.0471782912386533,-2.08650369920412
249.5,51.5094095047463,-0.160964864697493,1.30792248427351,-0.0445812347892215,-1.96951945764496
250,51.5094152536517,-0.160965184178207,1.25914697415787,-0.0442067089471578,-2.00267271980676
250.5,51.5094209127395,-0.160965498244957,1.25931367940693,-0.0431908993846911,-1.96418579797215
251,51.5094268418797,-0.160965798565715,1.36135228669327,-0.0406572096980616,-1.65652405628912
251.5,51.5094327271818,-0.16096603404959,1.27334220595266,-0.0271260121234914,-1.20400778419107
252,51.5094388819872,-0.160966283202877,1.43689680273632,-0.0398245121706383,-1.69003191676279
252.5,51.5094446766985,-0.160966560866434,1.18619240700441,-0.0376654128705762,-1.73529622268042
253,51.5094504720996,-0.160966793740235,1.36194640687269,-0.0286041393462871,-1.1374057260674
253.5,51.5094564483424,-0.160966948384581,1.30732729282693,-0.0164809402411468,-0.712767716373818
254,51.5094623797959,-0.160967089336908,1.32861782439254,-0.0217351707819042,-0.986350522818265
254.5,51.5094682216047,-0.160967171756746,1.27980370389573,-0.00424059934071266,-0.0224782246837469
255,51.5094740181034,-0.160967064269714,1.29683369238964,0.0283407511982902,1.3483915792949
255.5,51.509479947753,-0.16096679381619,1.33528094828982,0.0440020650468189,1.91215592875871
256,51.5094859669675,-0.160966501684771,1.34224845049178,0.0381562063445942,1.55720758112704
256.5,51.5094917630336,-0.160966325887679,1.25295871881611,0.014787572036827,0.611347911838841
257,51.5094974702877,-0.160966285103952,1.28186579066424,-0.000724299722830682,-0.100371555500094
257.5,51.5095031774147,-0.160966227972046,1.26158276429415,0.0139929969472488,0.816184328355351
258,51.5095089288942,-0.160966068964298,1.29255850639883,0.0277386788275766,1.16050993432229
258.5,51.5095146357074,-0.160965958233872,1.25397915601823,0.0067208368082485,0.226871575018364
259,51.5095204326528,-0.160965869389415,1.31507987902812,0.0162671416981657,0.869004991217375
259.5,51.5095262273166,-0.160965613750325,1.27144626841751,0.0489565810804229,2.28478700205892
260,51.5095319763403,-0.16096530540239,1.28472508160514,0.0385158817410346,1.54900469441426
260.5,51.509537994689,-0.160964976262109,1.3773100504323,0.0507323914766423,2.36011312107763
261,51.5095435626827,-0.160964613265595,1.14214049286617,0.0501725825351187,2.29904929238724
261.5,51.5095493978381,-0.160964159044096,1.40782099443979,0.0720980746319963,3.26277824435715
262,51.5095550509662,-0.160963637738684,1.15298746258457,0.0725853577788706,3.32392605949149
262.5,51.509560931536,-0.160963205812337,1.41740744705407,0.0511463407666878,1.92450896503888
263,51.509566635712,-0.160962897438199,1.16558731865251,0.0369891798112852,1.93972735524317
263.5,51.5095725660578,-0.16096270228209,1.42741679788671,0.0201741064168313,0.413069083639858
264,51.5095783182971,-0.160962642665155,1.17676213686934,-4.93192011847398e-05,0.328019030120956
264.5,51.5095842503656,-0.160962624568285,1.42024605389801,0.00430628212511482,-0.109876714086215
265,51.5095900475872,-0.160962666800753,1.19879753001532,-0.0129833530270207,-0.41103803134473
265.5,51.5095959344978,-0.160962646230765,1.3877390002699,0.0139438831392184,0.660893544621725
266,51.5096013720093,-0.160962561214888,1.08548155269368,0.0103072374907968,0.45707361485646
266.5,51.5096070339242,-0.160962441878559,1.38194900526206,0.0209542128270972,1.04997487648073
267,51.5096114377055,-0.160962375839045,0.69849576614729,0.000920643212349966,0.0223054289481315
267.5,51.5096150774273,-0.160962310291799,0.887885009819381,0.0148279414449247,1.26538311795849
268,51.5096171434945,-0.160962203264702,0.160031365815424,0.0148841286382568,2.43750782249711
268.5,51.5096188153973,-0.160961757007302,0.520424595666663,0.0949199242402533,16.4749821285873
269,51.5096199599697,-0.160960956982875,0.0686710662149707,0.122401379833186,30.6552445018115
269.5,51.5096210144461,-0.160959638974003,0.350817087657279,0.225434306367628,45.2502775559294
270,51.5096214994622,-0.160958615517167,-0.0621002811708989,0.083782415668273,60.3203564043457
270.5,51.5096218768042,-0.160957164052238,0.186210956954027,0.283969823332457,74.444626682544
271,51.509622034016,-0.160955467491692,-0.0708776780955623,0.201693336541447,88.662020863135
271.5,51.5096218793154,-0.160953269357904,-0.0089056948599287,0.37768298861611,104.207694179559
272,51.5096213041497,-0.160950946034889,-0.21133943808609,0.284041107223423,119.071564451196
272.5,51.5096207221297,-0.160949681332326,-0.0722286908342169,0.0997036246792161,133.745649711245
273,51.5096198497616,-0.160948573854058,-0.27943898806653,0.191627160027478,149.483007666266
273.5,51.5096189060297,-0.160947934816498,-0.161387229639114,0.0167054948164218,164.704976010159
274,51.5096179789973,-0.16094773622767,-0.237706405399908,0.0351829526737114,180.067274347582
274.5,51.5096163162378,-0.160947749292147,-0.462593583781384,-0.0277119307294007,180.494551787471
275,51.5096143389023,-0.160947765064172,-0.424170231901475,0.0156753720335534,180.075804671899
275.5,51.5096106987414,-0.160947772729068,-1.08007964895833,-0.0127820560472802,180.074761823616
276,51.5096062049986,-0.160947834776416,-0.943835718740269,-0.00569881320459124,180.912533775307
276.5,51.5096008574894,-0.160947928352858,-1.36216903679672,-0.0180995170660141,180.338706478641
277,51.5095953750133,-0.160947902322481,-1.12039090589094,0.0188141239312837,179.321789067758
277.5,51.5095892186224,-0.160947785771963,-1.54456386607786,0.0143418291818066,179.324546807135
278,51.5095834215605,-0.160947708264711,-1.11171595363231,0.00825628586862372,179.71943210897
278.5,51.5095771748971,-0.160947685341755,-1.58478460751154,-0.000368441568180574,180.018167202688
279,51.5095713330502,-0.160947610194071,-1.10050265012988,0.0179965049390531,179.062020152218
279.5,51.5095654025167,-0.160947397864544,-1.47304839468693,0.0375227952917063,178.378287868328
280,51.5095596068158,-0.160947185811475,-1.16126189678117,0.0237891406251519,179.005900066807
280.5,51.5095538998349,-0.160947096286823,-1.34595151768087,0.00447988559919028,179.87242819405
281,51.5095481474911,-0.160947075832885,-1.23382858115554,0.0016922305181575,179.87331365228
281.5,51.5095421706317,-0.160947119614137,-1.39724437609667,-0.0115191236265429,180.650474476294
282,51.5095364648893,-0.160947319359608,-1.18029523900552,-0.0390865276025214,181.852401402963
282.5,51.5095306258802,-0.160947630500696,-1.38257168760611,-0.0460842863351299,181.956518928558
283,51.5095246516821,-0.160947925067901,-1.29211740152687,-0.0372735988274044,181.568094610223
283.5,51.509518900772,-0.160948125211952,-1.2709700907565,-0.0211524969124183,180.920084368645
284,51.5095133285595,-0.160948177963363,-1.21817554781961,0.00235477230830192,179.756847845195
284.5,51.5095076224765,-0.160948020052887,-1.30577220463806,0.0356264463601598,178.26448124698
285,51.5095017390944,-0.16094768490121,-1.31152318977832,0.0541740917356212,177.663821792768
285.5,51.5094956342569,-0.160947219513887,-1.39126952969278,0.0719328984469855,176.889180769894
286,51.5094899353325,-0.160946720726275,-1.18189847407981,0.0673858926209645,176.858580503745
286.5,51.5094839652667,-0.160946262300844,-1.43102543696568,0.0610413094377351,177.654840342201
287,51.5094778595209,-0.16094582508819,-1.30796156909015,0.0604752499749879,177.22823084146
287.5,51.5094721131685,-0.160945404725743,-1.25815503462393,0.0568940078773095,177.544504455217
288,51.5094664096103,-0.160945074023693,-1.27683141461038,0.0382365224563047,178.311246156077
288.5,51.5094604372392,-0.160944704816098,-1.36544440656036,0.0603860202053196,177.270477417062
289,51.5094547820935,-0.160944244073733,-1.18341538162625,0.0664882001773833,176.908691785483
289.5,51.5094489054307,-0.160943682868464,-1.39463110636873,0.0859309988252606,176.270715454658
290,51.5094431609989,-0.160943218402104,-1.19675978139464,0.0494857934310694,177.952534566584
290.5,51.5094373217711,-0.160942920031047,-1.37112911370529,0.0357905752142645,178.394894067328
291,51.5094313914724,-0.160942686858411,-1.28352088321833,0.029987116908442,178.794121162102
291.5,51.5094255948544,-0.160942565118651,-1.29427792643507,0.00774575432896762,179.704198258184
292,51.5094198875561,-0.160942506900423,-1.25296015335475,0.00832041779861975,179.566399209392
292.5,51.5094136410044,-0.160942437869979,-1.485871176428,0.010470385093241,179.643398620719
293,51.5094077540103,-0.16094236449554,-1.18682013612004,0.00999081324776691,179.465376548294
293.5,51.5094024062616,-0.160942304028612,-1.1921703146848,0.00727968866591156,179.726114956204
294,51.5093964741951,-0.160942298382561,-1.40946072106875,-0.00376302772678049,180.205826332843
294.5,51.5093905423159,-0.160942373511404,-1.25728656752233,-0.0151000979001518,180.699802741992
295,51.5093848807997,-0.160942533378232,-1.26153567316047,-0.0271666159326558,181.319147957676
295.5,51.5093790422683,-0.160942850884859,-1.32552250176477,-0.0559310556008064,182.567969544787
296,51.5093733845224,-0.160943219866851,-1.21234428402836,-0.0479467586777757,182.092903894558
296.5,51.5093677270935,-0.160943599875059,-1.29144913135045,-0.0561385249352353,182.707358220302
297,51.5093620236277,-0.160943921910465,-1.25349054172954,-0.036719769718142,181.32844924518
297.5,51.5093561387954,-0.160944184617524,-1.34866883980909,-0.0363083984920918,181.862873115357
298,51.5093506141786,-0.160944478309437,-1.145781816011,-0.0439103695181435,181.937060261009
298.5,51.5093449098961,-0.160944781386615,-1.35576660551675,-0.0408043992601702,181.860796596414
299,51.5093390245983,-0.160945005110115,-1.27725165222479,-0.0242470734794318,180.856939080674
299.5,51.5093334075711,-0.160945125621878,-1.23073081190732,-0.011473972619344,180.677121511377
300,51.509327745632,-0.160945249658659,-1.28028464321249,-0.021247230548682,180.889282689365
300.5,51.5093220392197,-0.160945419147714,-1.26242023741993,-0.0251350116929311,181.23432577629
301,51.509316153577,-0.160945634357766,-1.34272455023011,-0.0332060618104613,181.379875473324
301.5,51.5093104485473,-0.160945895724443,-1.21818928009082,-0.0384516564020514,181.895188627676
302,51.509304788203,-0.160946137988383,-1.28846043660511,-0.0302705247683285,181.164579473915
302.5,51.5092989472513,-0.160946334431332,-1.3075906845594,-0.0251812245189327,181.239976875101
303,51.5092933310423,-0.160946530209881,-1.20918392855526,-0.0285869081959801,181.252317233813
303.5,51.5092876696927,-0.160946710446539,-1.29514442967836,-0.0225342525681972,181.02389112356
304,51.509281873439,-0.160946886556567,-1.28600355321431,-0.0257970205189899,181.148463435278
304.5,51.5092762115646,-0.160946999970584,-1.2415692259579,-0.00871361244894183,180.283823308955
305,51.5092708637337,-0.160947042228583,-1.15387694852807,-0.00387552836919808,180.281209796537
305.5,51.5092655160157,-0.160947107983892,-1.21521885827687,-0.0128087602624191,180.598015137171
306,51.5092608874141,-0.160947184997966,-0.900252423328145,-0.00921314641548271,180.591721758496
306.5,51.5092575620362,-0.160947243962647,-0.627745960509559,-0.00746949309312781,180.676162185311
307,51.50925536015,-0.16094728994982,-0.393506462405721,-0.00562669203872499,180.8171945564
307.5,51.5092539450655,-0.160947017695694,-0.259843118046193,0.0682046570254135,165.490873765882
308,51.5092528721586,-0.16094631882003,-0.223968597240513,0.117227335644152,150.268307051108
308.5,51.509251877032,-0.160945112149914,-0.21965809278997,0.20277706947974,135.504623825618
309,51.5092511627596,-0.160943650268158,-0.116434004010346,0.203135333299844,120.616768344909
309.5,51.5092506794299,-0.160941808697899,-0.101330000364112,0.292510568930326,105.005748528852
310,51.5092505255277,-0.160939826673011,0.0127129561168588,0.263102423512023,89.1805091972967
310.5,51.5092506872937,-0.160937987149894,0.0522937004765719,0.250050375476575,74.7763173796901
311,51.5092512061819,-0.160935932186205,0.159679233752831,0.310041857522316,61.1625787961168
311.5,51.5092517350167,-0.160934783093764,0.0882719496964943,0.0542156119202013,46.0186980264176
312,51.5092525380911,-0.16093376377637,0.241996318625381,0.202660393550297,30.7425937030705
312.5,51.5092535627785,-0.160933066236212,0.218220925462114,0.0227930683475353,15.2877420861387
313,51.5092547105221,-0.160932809772439,0.281413371967223,0.0445834879546343,0.588082353815653
313.5,51.5092560136946,-0.160932813454225,0.295974218259787,-0.032077532271511,-0.790106113293814
314,51.5092583498147,-0.160932902418447,0.676524633824042,0.00145414407726805,-1.93249964047584
314.5,51.5092617193137,-0.160933017246389,0.801045515201808,-0.0281231946776267,-0.503981381862596
315,51.5092666176094,-0.160933087693629,1.29219349183112,0.00305707019428816,-0.524398367362161
315.5,51.5092719204391,-0.160933112351029,1.10141692052453,-0.00796036092395453,0.191903837133042
316,51.5092771330783,-0.160933023264636,1.20084326693689,0.0266012110287766,1.03013027756466
316.5,51.5092830197179,-0.160932907269894,1.38620541094301,0.00875985757993551,0.378817834988635
317,51.5092888167828,-0.160932826139854,1.22256765728732,0.013018945918351,0.621892678669061
317.5,51.5092944331995,-0.16093265987419,1.26877852359589,0.0301339481355615,1.49471213304872
318,51.509300180388,-0.160932290897016,1.28589923790055,0.0660037315176335,3.09365053401812
318.5,51.5093061059194,-0.160931848611508,1.34137820517038,0.0581993879759565,2.23979004428192
319,51.5093120796535,-0.160931534924043,1.32077704166334,0.0333067033577763,1.5137552702259
319.5,51.509317964848,-0.1609312899772,1.30170512013137,0.0345052747268965,1.46173887371177
320,51.5093238057655,-0.160931095933867,1.29830639877977,0.0216504406108713,0.913466077770627
320.5,51.5093295126319,-0.160930970337949,1.24997668085544,0.014491736477071,0.660140302647186
321,51.5093353096556,-0.160930951945078,1.31791219533568,-0.00580256020821649,-0.433263865500555
321.5,51.5093409270613,-0.160930958637761,1.20241147963978,0.00248197783021617,0.348069695925213
322,51.5093467688516,-0.160930853215933,1.36814214045442,0.0231475364400647,0.942292516936821
322.5,51.5093525657433,-0.160930761713479,1.23514641588267,0.00539596132884212,0.186382401463334
323,51.5093583629685,-0.160930776122755,1.32836956575292,-0.00717849509022975,-0.364114942698964
323.5,51.5093642500183,-0.160930838731957,1.29709217681166,-0.00975400807545929,-0.396350234968943
324,51.5093700467907,-0.160930953380594,1.28483622906197,-0.0202350977443075,-1.01783335992596
324.5,51.5093756630351,-0.160931144086384,1.22512533184436,-0.0308516818522819,-1.40988353495554
325,51.5093814136777,-0.160931369241586,1.31776307411164,-0.0315518765765903,-1.38925440522721
325.5,51.5093871651752,-0.160931496332088,1.25324000773245,-0.00791349036996334,-0.190718609905789
326,51.5093927375083,-0.160931451480224,1.23063189627188,0.0161267565531905,0.76627086140699
326.5,51.5093984894398,-0.160931339711047,1.31439602613131,0.0150944580172122,0.62314413716819
327,51.5094043764374,-0.16093127731741,1.30685384930246,0.00416193641605991,0.134708871723559
327.5,51.5094099040747,-0.160931253623331,1.17619471586105,0.00267964586917393,0.171800713804083
328,51.5094154317185,-0.160931236136512,1.26765852745732,0.00225202146968508,0.0544109385303188
328.5,51.5094212290162,-0.160931233904887,1.30563841563489,-0.00104963879045206,-0.0268851171992382
329,51.5094269364179,-0.160931220428716,1.24504669174393,0.00391580408443693,0.195723974447094
329.5,51.5094331827758,-0.160931130990576,1.49133701924957,0.0183708524424081,0.828108575591137
330,51.5094390691496,-0.160930975990705,1.18275916098265,0.0237281909905455,1.05462535402991
330.5,51.5094451350513,-0.160930796024345,1.46667537184229,0.0258713995718995,1.06661967710704
331,51.509451201148,-0.160930635070954,1.26800786272701,0.0198831293750074,0.830503517036341
331.5,51.5094568181634,-0.160930512525101,1.23719677329255,0.0150088009531286,0.729446002132094
332,51.5094624803923,-0.160930437715184,1.27586790366685,0.00715274436589054,0.215280772774282
332.5,51.5094682327264,-0.160930412258913,1.28288309157057,0.00100203902951518,0.101161010749847
333,51.5094741648225,-0.1609304210741,1.34597273483783,-0.00278225441528875,-0.207420422321444
333.5,51.5094800070429,-0.160930438168051,1.26781184421668,-0.00208745303844723,-0.00180197997482129
334,51.5094859389711,-0.160930492384402,1.35645912092758,-0.0113365633635386,-0.651740425302113
334.5,51.5094914661536,-0.160930607597138,1.14129896610572,-0.0192603917358889,-0.838705516244169
335,51.5094973975772,-0.160930753136436,1.44482722558249,-0.0208722973799796,-0.915705627771352
335.5,51.5095032392996,-0.160930874439744,1.19842532569103,-0.0140230506896004,-0.569037554581665
336,51.5095091260849,-0.160930982701497,1.3879529879521,-0.0157390596706457,-0.745950059399805
336.5,51.5095148780314,-0.160931092622604,1.20427690174238,-0.0149295407970533,-0.62048650831574
337,51.5095205851435,-0.160931187322091,1.31589019825578,-0.0119031370999109,-0.565990863222577
337.5,51.5095265617277,-0.160931305856627,1.33969667720026,-0.0196478795207648,-0.852130459620861
338,51.509532402918,-0.160931479849652,1.27181542134703,-0.027317530163362,-1.27759740004458
338.5,51.5095381535164,-0.160931706889804,1.28506320963751,-0.0344705401091192,-1.54497684479872
339,51.509544174421,-0.160931841961146,1.37804108528001,-0.00775419795480828,-0.059068456817548
339.5,51.5095498368861,-0.16093183356813,1.17736622711602,0.0074091090641171,0.165056263728269
340,51.5095556788219,-0.160931886237346,1.38572870940022,-0.0176189361037823,-0.809728421395907
340.5,51.5095616105297,-0.16093199547857,1.27383391406443,-0.0134531141785461,-0.507105632790994
341,51.5095672728833,-0.160932049838681,1.25026906454766,-0.00341451205680573,-0.179364207532127
341.5,51.5095729345886,-0.160932169104137,1.26651923895383,-0.0257624221638266,-1.32684622781623
342,51.5095783702643,-0.160932408404256,1.16964172046709,-0.0384530298161527,-1.8203466609423
342.5,51.5095841206028,-0.160932646495395,1.35648649565692,-0.0292842178368232,-1.13968500566549
343,51.5095898263292,-0.160932866014339,1.20881928155531,-0.0313184186534975,-1.61087255133922
343.5,51.5095953973622,-0.160933072987024,1.26123458653305,-0.0269329318427632,-1.04521601104925
344,51.5096011921926,-0.160933329676089,1.30920182511125,-0.0417382976815103,-2.12142662366266
344.5,51.5096065820652,-0.160933613928519,1.12243757268098,-0.0378808566798233,-1.64831779173958
345,51.509611298281,-0.160933859259817,0.998341972173412,-0.0313937439100101,-2.07002740474716
345.5,51.509614981355,-0.160934054443253,0.694392454848802,-0.02409734007289,-1.71803500781458
346,51.5096173169341,-0.160934179483438,0.397427256118291,-0.0126475397464507,-2.10877036642869
346.5,51.5096188663758,-0.160933923702864,0.307923183793456,0.0692301634382701,13.8714428599587
347,51.5096197349597,-0.160933369402911,0.113021372374701,0.0823811326660965,29.5554466399496
347.5,51.509620919258,-0.160931967633037,0.368880980368189,0.273220336150206,43.3432612347356
348,51.509621685376,-0.160930479219803,0.0315901856390782,0.160085021139521,57.6207949844719
348.5,51.5096221250589,-0.160928919652705,0.144209999690619,0.256075584265559,73.7523796381775
349,51.5096223025774,-0.160926943398249,-0.0337953540552363,0.287241059060173,89.8647456537283
349.5,51.5096221421044,-0.160924960853668,-0.0370469349952215,0.266910022646708,104.91691763937
350,51.5096217213229,-0.160923307029564,-0.133240242968275,0.203547439731497,119.447888172797
350.5,51.509621081097,-0.16092193353042,-0.148916307795836,0.181730675596286,134.070827267488
351,51.5096203787787,-0.160921057507531,-0.161431358605502,0.0795733633818397,150.138781462719
351.5,51.5096193080029,-0.160920347842381,-0.292050850035963,0.111814815538371,164.924546191471
352,51.5096181596707,-0.160920109449637,-0.229955201963008,-0.0219978579786261,180.313071977265
352.5,51.5096165420186,-0.160920144336902,-0.450956399467138,0.00716337503384879,181.228977862602
353,51.5096140259401,-0.160920230723758,-0.636112103766527,-0.0254059486583873,181.22573050377
353.5,51.5096102518379,-0.160920361447889,-0.982388058888897,-0.0130732228658822,181.250650027535
354,51.5096059396964,-0.16092057050426,-0.943524298707406,-0.0401964354638863,182.214969635312
354.5,51.509600369984,-0.160920850114714,-1.4464426206435,-0.0378644658436686,181.37360198826
355,51.5095947087227,-0.160921035199205,-1.1290308701065,-0.0171840223796773,180.963833509675
355.5,51.5095888679357,-0.160921238620744,-1.41913006311229,-0.035988794834282,181.526171982909
356,51.5095829381075,-0.160921502464979,-1.24974310822658,-0.0370882260697412,181.654633348617
356.5,51.5095774567788,-0.160921687753822,-1.19865568291791,-0.0177756440003007,180.76217509318
357,51.5095716148106,-0.160921762238814,-1.37083949349555,-0.00513922213713078,180.149507557236
357.5,51.5095659974779,-0.160921826733598,-1.165335774812,-0.0116265318233505,180.671468189135
358,51.5095601554566,-0.160921896438415,-1.39418352017011,-0.00831524523491477,180.181700697275
358.5,51.5095543581843,-0.160921922988626,-1.21706247292397,-0.000446504588086298,180.145780610404
359,51.5095488307573,-0.160921989965958,-1.23897018455951,-0.0154974455114951,180.720662460465
359.5,51.5095428550508,-0.160922180990697,-1.39320982650914,-0.0342431820826021,181.564864277387
360,51.5095368801602,-0.160922438853372,-1.28493348092561,-0.0368982709179952,181.52043401403
360.5,51.5095310415582,-0.160922760757066,-1.30917169335508,-0.0501566045208025,182.42041212325
361,51.5095252483722,-0.160923107555334,-1.27502497277698,-0.0467521473429157,181.858183777015
361.5,51.5095193641426,-0.16092340595538,-1.33336760671274,-0.0377108708813143,181.766817319509
362,51.50951374927,-0.16092368308896,-1.19063550716827,-0.0390198200078022,181.761403759374
362.5,51.5095077744138,-0.160923940356739,-1.42672242658905,-0.0334142377038722,181.316799851423
363,51.5095018881633,-0.160924096219535,-1.2279438863291,-0.0134014828477637,180.576450858874
363.5,51.5094964062278,-0.160924235348716,-1.21414465673211,-0.0234604419258204,181.238195443915
364,51.5094903853823,-0.160924422961556,-1.42766286479272,-0.0278637564244665,180.989697871066
364.5,51.5094846786167,-0.160924559312538,-1.15939003460377,-0.0126810638502541,180.718665129537
365,51.5094788367036,-0.160924655530036,-1.39830459264652,-0.0138354296536443,180.45901630124
365.5,51.509472815072,-0.160924758754378,-1.29904825485191,-0.014681344697056,180.766715877781
366,51.509467063174,-0.160924874881809,-1.26649288656075,-0.0171349864770975,180.676877683073
366.5,51.5094612215344,-0.16092485337497,-1.32322911968947,0.0170711893958337,179.059862010913
367,51.509455515431,-0.160924661701217,-1.23224313442288,0.0332948469352589,178.538520759544
367.5,51.509450034283,-0.160924452193514,-1.21083724386023,0.0261480047618902,178.728788060342
368,51.5094441941155,-0.160924206018489,-1.3616311523015,0.0398061413657615,178.257768477603
368.5,51.5094386249031,-0.1609238971601,-1.153578597172,0.0450418953377824,177.778202060606
369,51.5094328756151,-0.160923602785831,-1.36733431573215,0.0379578917414085,178.561784659959
369.5,51.5094271691748,-0.160923454468135,-1.20149688011427,0.00843995896025605,179.57983643538
370,51.5094214169385,-0.160923445755185,-1.33490681394147,-0.0038512738752605,180.311852439808
370.5,51.5094153959183,-0.160923592143036,-1.34319534625819,-0.031859059067492,181.42653426652
371,51.509409556227,-0.160923865535664,-1.26880030104324,-0.0422331808491618,181.920176835035
371.5,51.5094038526534,-0.160924199933242,-1.26938626016142,-0.049371566618544,182.270337109985
372,51.5093981943829,-0.16092454944672,-1.25183886166868,-0.0479428260198192,182.144454393515
372.5,51.5093921302821,-0.160924836751479,-1.41763940093247,-0.0342585374467892,181.242387364201
373,51.5093864237478,-0.160924991522226,-1.16631881809965,-0.0125527856308697,180.696801149
373.5,51.5093804469207,-0.160925037508573,-1.44448952516387,-0.00206816638586579,179.853372744953
374,51.5093747395444,-0.160925004671558,-1.14784227059603,0.00919892271555312,179.735221423282
374.5,51.5093688974945,-0.160924934664743,-1.40643961130782,0.0100859265179316,179.40791403154
375,51.5093630557487,-0.160924815362608,-1.22530642428344,0.0211012323880717,179.131835626436
375.5,51.5093574842631,-0.16092464139243,-1.2498656991481,0.0262949661531451,178.635650534877
376,51.5093517782869,-0.160924436341652,-1.28354928631292,0.0299959644624157,178.795113129892
376.5,51.5093458918909,-0.160924381558694,-1.32821995288082,-0.00806560141050615,180.539404509502
377,51.5093404543343,-0.160924459463099,-1.127163599951,-0.0127434960932389,180.485048712741
377.5,51.5093345673219,-0.160924529382824,-1.43792308191729,-0.00758417979997607,180.364214560322
378,51.5093286355328,-0.160924623567826,-1.23732955694742,-0.0169235490761025,180.771129337028
378.5,51.5093228386736,-0.160924737152923,-1.32670373598851,-0.014965408019836,180.629917368975
379,51.509316907012,-0.160924854348517,-1.31513485812926,-0.017188372309361,180.782810843578
379.5,51.5093113351536,-0.16092499797155,-1.1871267824928,-0.0218705292109979,181.060218844638
380,51.5093053594486,-0.160925200223904,-1.42949943230864,-0.0324325473836599,181.359615780757
380.5,51.5092994315401,-0.160925539667556,-1.24175809233611,-0.0574233198019747,182.733248482659
381,51.5092935065187,-0.160926004380542,-1.37208491333683,-0.0694997770793069,182.870703438641
381.5,51.5092878032328,-0.160926323149353,-1.19697805472667,-0.0265959545125403,181.124332192131
382,51.5092823661681,-0.160926459690083,-1.21884675949368,-0.0136134549766341,180.67126205454
382.5,51.5092763894171,-0.160926555392301,-1.40769104839326,-0.0130612219238726,180.473693107693
383,51.509270682105,-0.160926583107734,-1.17357674461903,0.00260058828514296,179.873550990751
383.5,51.5092653349734,-0.160926471755653,-1.20120780258373,0.0244644065738233,178.637433518032
384,51.5092604381602,-0.160926267086156,-1.01151973554487,0.0311874491702864,178.374519762826
384.5,51.5092572037745,-0.160926119270639,-0.515438744908577,0.0130608566529129,178.358422568746
385,51.5092549577225,-0.160926013915526,-0.488828830885921,0.0157266312998436,178.288387758814
385.5,51.5092536889069,-0.160925649046634,-0.137787010728916,0.075119205106916,161.365242112527
386,51.5092524554051,-0.160924658644684,-0.370157833719679,0.181202422789653,145.410096530179
386.5,51.5092516148896,-0.160923481739506,-0.0588394914259727,0.150968542262273,132.298934335378
387,51.5092509971756,-0.160922080834448,-0.192481051284296,0.225007770405151,118.192540668039
387.5,51.509250532268,-0.160920146976342,-0.0411283950976315,0.298984683320335,103.946323346753
388,51.5092503985941,-0.160918231353332,-0.0217762180067889,0.242896421894498,88.8149690960798
388.5,51.5092505613049,-0.1609164642652,0.0767935303451806,0.247096320375214,74.3972125219749
389,51.5092509942478,-0.160914818494529,0.110018061421955,0.215519217241072,59.8853257257427
389.5,51.5092516986661,-0.160913343714893,0.189454518498268,0.19726049251871,45.2510698089908
390,51.5092525081488,-0.160912336111235,0.173592731943141,0.0997640048471689,30.4247866878407
390.5,51.5092535732551,-0.160911602491481,0.281393180638333,0.103337231399213,16.0917924266097
391,51.5092547628595,-0.160911339239394,0.253027989263651,-0.0101950166175621,-0.367264877629484
391.5,51.5092560660574,-0.160911359755944,0.31585374697612,0.00229354967825182,-0.758444494384309
392,51.5092587170193,-0.160911439997148,0.781707512669379,-0.0205465383618816,-1.40571155643797
392.5,51.509262086466,-0.160911576349517,0.72739809788773,-0.0178035966930507,-1.48735243296654
393,51.5092663098577,-0.16091171969551,1.08844476736915,-0.0213745079464292,-0.939288172304668
393.5,51.5092719263155,-0.160911894030432,1.36268076327111,-0.0261898456439576,-1.28000012174855
394,51.509277946819,-0.160912109076343,1.32355781513853,-0.0324289878036683,-1.27371561904777
394.5,51.5092832935594,-0.160912286636386,1.09607298631751,-0.0192129930887958,-1.10060854188484
395,51.5092891796038,-0.160912471728464,1.4593200940448,-0.0302421303514536,-1.14769289597245
395.5,51.5092953339252,-0.160912742955902,1.30653089081849,-0.0428540890376723,-2.00288271758476
396,51.5093012145817,-0.160913174939652,1.30996141340705,-0.0719724356651491,-3.24620163322169
396.5,51.509306958491,-0.160913673812215,1.25583137548749,-0.0673787646882665,-2.95824658852277
397,51.5093128826016,-0.16091416758169,1.36188889941223,-0.069389729208746,-2.99639563342012
397.5,51.5093187193796,-0.160914560573072,1.25461246969317,-0.0441932548412492,-1.81532261177207
398,51.5093244244075,-0.16091482385494,1.27986756126165,-0.0312126999414467,-1.48372668404926
398.5,51.50933013033,-0.16091503102287,1.26252744941788,-0.0270533247443617,-1.11205366714184
399,51.5093359706895,-0.160915263017852,1.32552027135576,-0.0358253327913221,-1.72779773553829
399.5,51.5093419010798,-0.160915482359207,1.31548216117051,-0.0266980183518836,-0.916471142392933
400,51.5093479674863,-0.160915607568818,1.37396101653713,-0.0108672400831868,-0.559329006896495
400.5,51.5093538093987,-0.160915706111876,1.24810422398837,-0.0156541154538716,-0.646818178394817
401,51.5093596514371,-0.160915744892034,1.3362516433423,0.00180378836707199,0.172152334237825
401.5,51.5093654483098,-0.160915809207332,1.25746322482587,-0.0164443360155999,-0.965491363616887
402,51.5093709305714,-0.160915913385735,1.19360408717272,-0.0130803678399549,-0.393268705988559
402.5,51.5093769521899,-0.160916015671104,1.44233328721157,-0.0149882900785834,-0.821319729969155
403,51.5093826136263,-0.160916185084146,1.13197322923322,-0.0294982833948825,-1.31819272893585
403.5,51.5093889043736,-0.160916332393878,1.58728082286587,-0.0141237785829129,-0.356145937029094
404,51.5093947908559,-0.160916459985852,1.11564026463779,-0.0202315359917092,-1.19369094128079
404.5,51.5094007217678,-0.160916651586279,1.46259547786305,-0.0310653432362175,-1.11603834793094
405,51.5094065634206,-0.160916764224818,1.18596193329666,-0.00484266432678236,-0.262678725383242
405.5,51.50941222585,-0.160916769123227,1.31180881268227,0.00223359255207002,0.200820575957511
406,51.5094180221651,-0.160916633021773,1.27436225468755,0.0305633187614266,1.47807790178675
406.5,51.5094239078741,-0.160916425318727,1.33439075123559,0.0276341050978912,1.04492978348742
407,51.5094298394955,-0.160916346031958,1.30973852990535,-0.000628186742677089,-0.0891411773895417
407.5,51.509435322177,-0.160916332107669,1.15717019631194,0.00372656660586503,0.270744679602629
408,51.5094412542543,-0.1609163205618,1.43396537771374,0.000116811579250749,-0.13156875421835
408.5,51.509446871778,-0.160916322217805,1.12121945873035,-0.00047266887098502,0.110489211473369
409,51.5094526241274,-0.16091631929537,1.39114344451003,0.00102071032236248,-0.0741610004782902
409.5,51.5094582861098,-0.160916409724565,1.16801268790726,-0.0220603465340253,-1.06784955643326
410,51.5094637679362,-0.160916567849256,1.25605479772646,-0.0218831519600955,-0.994545306425957
410.5,51.509469564755,-0.160916673466255,1.31358058963929,-0.00961272373852355,-0.30823031314032
411,51.5094754059475,-0.160916575985052,1.29009817130906,0.0297393761251952,1.50152538559962
411.5,51.5094810224939,-0.160916438883573,1.22155682604142,0.0115452814331279,0.243827841410426
412,51.5094868194606,-0.160916486460478,1.33778505294771,-0.0193122381505058,-0.830689412019181
412.5,51.5094926610612,-0.160916624713982,1.27330941311667,-0.0191162049458733,-0.861530236395914
413,51.5094986377756,-0.160916706677288,1.36955317058167,-0.00596611148957602,-0.119066235224475
413.5,51.5095044350268,-0.160916740777236,1.23429522793015,-0.00387302061803319,-0.301537924882735
414,51.5095105917111,-0.160916805063191,1.46494207652374,-0.0124635941333597,-0.445094612897633
414.5,51.5095162089262,-0.160916898450179,1.09941899158999,-0.0133194929890154,-0.743663612002597
415,51.5095219610061,-0.160916935514218,1.40630179942774,0.000574675858584251,0.282909495455418
415.5,51.5095277132291,-0.160916874464805,1.19153793299155,0.0140084439301769,0.475987998371184
416,51.5095336002695,-0.160916811890974,1.39287133942568,0.00496464316442207,0.284045941896051
416.5,51.5095393525736,-0.160916805251614,1.20096996331814,-0.00190802943385587,-0.201512899412226
417,51.5095451049033,-0.160916833515654,1.33531057642126,-0.00533610475609737,-0.149831165831179
417.5,51.5095508118604,-0.160916926703453,1.22410860782776,-0.0182617000428619,-1.01773872213471
418,51.5095568312408,-0.160917194449542,1.42013343565357,-0.0504182472251426,-2.16208654459032
418.5,51.5095624014822,-0.160917435786702,1.11301583895808,-0.0216748319393503,-0.935245432478945
419,51.5095681072811,-0.160917645117998,1.37927683560608,-0.0342402368604074,-1.68767518266281
419.5,51.509573812433,-0.160917902489683,1.19264942136196,-0.0367843715934673,-1.5372683257665
420,51.5095795636648,-0.16091806266167,1.34071966673888,-0.0120595023935338,-0.453978817335102
420.5,51.5095853608524,-0.16091811624805,1.25445465918913,-0.0042073999759122,-0.20698148969523
421,51.509591337865,-0.160918153754722,1.38286430077117,-0.00590825948248229,-0.241727962037712
421.5,51.5095969992077,-0.160918299867441,1.17356600888169,-0.0303540805423134,-1.60360212434304
422,51.509602479485,-0.160918561400008,1.25158149757208,-0.0404868176962783,-1.80783898338048
422.5,51.5096080497374,-0.160918819264227,1.23100643536309,-0.032527983134156,-1.50147798057058
423,51.5096125870913,-0.160919013269908,0.854684487481173,-0.0230253793701467,-1.55521373887449
423.5,51.5096163162133,-0.160919141817595,0.812372130998782,-0.0142258652803068,-0.909313035279425
424,51.5096187420451,-0.160919242874814,0.348982507481879,-0.0138964103519447,-2.06887205207234
424.5,51.509620089269,-0.160919325314042,0.265339773083034,-0.00973225949861156,-2.30459635555997
425,51.5096202689438,-0.160919333610424,-0.117770480797321,0.00485422413076404,-0.996240527637159
