0,51.5092869601181,-0.161032665963723,-0.0126585688398785,0.0468453844438251,-1.542892291
0.5,51.5092722218434,-0.161028998313637,0.118748976560032,-0.00382116683391825,-3.797893258
1,51.5092758588258,-0.161031903651934,0.248997458759741,0.0210830050346488,0.7524558213
1.5,51.5092791559537,-0.161032110181675,0.474919154421763,-0.000524721099154498,0.4148978505
2,51.5092826642179,-0.161032176700303,0.68072379079637,0.0153016440435661,-0.5568027645
2.5,51.5092874767319,-0.161032436956147,0.930702465241121,0.0140619498567662,0.5167194414
3,51.5092927540736,-0.161031656738768,1.17812213208911,0.0242660519180995,0.3166329071
3.5,51.509298622357,-0.161030705264293,1.22505893281043,-0.00185753109686935,1.111880414
4,51.5093047463428,-0.161030048596795,1.30560973818746,-0.0142269387020188,-3.369979983
4.5,51.5093106620286,-0.161029299487285,1.18482553186375,-0.0118128795549149,-0.4772283428
5,51.5093163772909,-0.161028911586568,1.25998305664237,0.00109961907471834,-0.2534171881
5.5,51.5093224482623,-0.161028639213734,1.27035468714954,-0.0195892412138782,0.6497443109
6,51.5093280965515,-0.16102828747904,1.25509366214024,0.0110386994536583,-1.791630201
6.5,51.5093337885544,-0.16102772848061,1.23887196824105,0.0271437726800255,2.774989593
7,51.5093395766956,-0.161027308371101,1.23324517578728,0.00752405234773031,-0.7101913623
7.5,51.5093452748653,-0.161026804885927,1.30520701279643,0.0107338022787577,1.390454435
8,51.5093510592067,-0.161026298243721,1.22187027378846,0.00481680409305023,-2.335209994
8.5,51.5093566561731,-0.161025886598729,1.28271034084997,-0.00695699311415072,-2.759249961
9,51.5093624138975,-0.161025508755166,1.21653862052155,0.00697138866308103,-1.74049108
9.5,51.5093679980721,-0.161025072969131,1.32251086087525,0.0368607185377419,7.057184779
10,51.509373794869,-0.16102465286214,1.19600749488607,0.0438528225163143,3.352186932
10.5,51.5093793455889,-0.161024333263144,1.2742820758852,0.0238976473275065,1.428251974
11,51.5093851247307,-0.161024176709733,1.235675970412,0.0104527631931869,1.503775517
11.5,51.5093907196525,-0.16102396183798,1.31113023124778,0.0191770500457941,-0.122233788
12,51.5093965288526,-0.16102385714971,1.21489496160101,-0.000293783948252895,-0.1586778482
12.5,51.5094020353307,-0.16102388356718,1.28927562002415,-0.0139966131362966,0.4032885675
13,51.5094077560929,-0.161023896733087,1.1976254967659,-0.0100878966670796,-1.210806646
13.5,51.5094132530162,-0.161023912346005,1.27509033301375,-0.00315512520028189,-1.904887445
14,51.5094189861527,-0.161023896473555,1.20782722569338,0.00320779968845683,-1.509882894
14.5,51.5094245254255,-0.161024022136168,1.28257868191863,-0.0210273094052345,1.363516793
15,51.5094302532797,-0.161024210027098,1.19205894759076,-0.0329779907937185,-3.074326171
15.5,51.5094357004144,-0.161024320211069,1.28461982885855,-0.0324428094451099,-5.105256761
16,51.5094413242445,-0.161024431899337,1.20159029534574,-0.0199982997852218,-2.660231442
16.5,51.5094468642079,-0.16102447403531,1.25042187748866,-0.00685863343390284,-0.1155565323
17,51.5094524057937,-0.161024464281188,1.21783552028115,-0.0020936135448992,-1.703992539
17.5,51.5094579531476,-0.161024424397877,1.25647083202946,-0.00264875530384152,-2.450731057
18,51.5094636342713,-0.161024340127708,1.2148214011312,0.00233011403604815,-1.736092066
18.5,51.509469136108,-0.161024291233618,1.2723536622841,-0.0051209374324267,-0.8031790014
19,51.5094748449135,-0.161024195271903,1.17912423404573,0.0036029636259561,-1.495078113
19.5,51.5094803155235,-0.161024033341842,1.33046296376366,0.011748314198411,2.582790614
20,51.5094861856683,-0.161023876055491,1.18041086366727,0.0159322991663142,0.9931073171
20.5,51.5094916291877,-0.161023716458321,1.26904786791187,0.00640205576011854,-0.4064915438
21,51.5094972511967,-0.161023525110233,1.21960703365786,0.0125378747549646,-1.361401003
21.5,51.5095027322678,-0.16102335496339,1.25377377314793,0.0117047654311225,3.940436916
22,51.5095083859475,-0.161023338399797,1.20714634257393,-0.0120745416745797,-1.416992309
22.5,51.5095139154888,-0.161023389682979,1.23745581088471,-0.0243229702347667,-2.367991616
23,51.5095195638514,-0.161023515139001,1.26797477128049,-0.0165486851854247,1.739780861
23.5,51.5095251764486,-0.161023460811873,1.20704964907252,0.00873522627360458,1.193001322
24,51.5095306874171,-0.161023345294146,1.26793283190331,0.00570745783152535,-2.845885151
24.5,51.5095363264497,-0.161023317226379,1.21147642608501,-0.00612005792581681,0.05944295063
25,51.5095418735235,-0.16102333993549,1.26978655309462,-0.00697751988287405,1.246173389
25.5,51.5095475517892,-0.161023494233283,1.23609751857252,-0.0320178179605645,-0.4787917762
26,51.5095531978777,-0.161023575146476,1.24636339951706,-0.0142869491726282,-0.181028403
26.5,51.509558829259,-0.16102366973048,1.23966641594513,-0.0256507712807178,-4.061681673
27,51.5095643576969,-0.161023754972984,1.23277717565446,-0.0174084558088872,-1.040934874
27.5,51.5095699450263,-0.161023983222815,1.235243313384,-0.0316102952480736,3.567833442
28,51.5095755448672,-0.161024207805802,1.25257699097485,-0.0350425032807305,-0.5861670667
28.5,51.50958118465,-0.161024452796631,1.22856245532339,-0.0356249066730642,0.5181482074
29,51.509586764962,-0.161024732420854,1.25094918163509,-0.0474101819876639,-4.208093229
29.5,51.5095923729419,-0.161024993390649,1.23682491534634,-0.0403464432633708,-2.534165543
30,51.5095980025462,-0.161025133884753,1.24958121210959,-0.0192996608213883,-2.97959863
30.5,51.5096036617333,-0.161025224905423,1.26073375118495,-0.0193141833545542,-1.073274515
31,51.5096093634356,-0.161025312904764,1.24083609143563,-0.00910116668205948,1.588801738
31.5,51.5096149643836,-0.161025321851017,1.24106125165626,-0.00311380953662638,-0.4356420293
32,51.5096205484279,-0.161025382678864,1.24295831384546,-0.00716296268471959,3.264413204
32.5,51.5096256101509,-0.161025451777747,1.08373763571197,-0.0204620822487752,-1.201424459
33,51.5096297662324,-0.161025563801169,0.781594017647106,-0.0316012690520139,-4.329777629
33.5,51.5096326713792,-0.161025775664055,0.606561445123528,-0.0311802018248243,-1.927503435
34,51.5096346200203,-0.161025896945964,0.259481127106539,-0.0156420884632572,1.031886251
34.5,51.5096357922689,-0.161025690049329,0.207401703227262,0.0486247612750049,15.8578823
35,51.5096368472795,-0.161025024872921,0.279542800117241,0.120045205932068,28.98856069
35.5,51.5096379142537,-0.161023926673483,0.167398949135664,0.156878789829623,44.63179624
36,51.5096385400812,-0.161022591349583,0.167632230780411,0.226579890638441,61.28178648
36.5,51.5096390788034,-0.161020922590669,0.0447354798751202,0.202107486705941,77.03857275
37,51.5096392168488,-0.161019383921656,0.04289777251513,0.260500756917444,88.9898549
37.5,51.5096391999276,-0.16101750959814,-0.0592709207928905,0.179444833688654,105.5011013
38,51.5096388056165,-0.161015990681175,-0.0979031313439056,0.267954106410556,116.7791812
38.5,51.5096382469354,-0.1610143621705,-0.146238460680894,0.138391251490907,128.4680267
39,51.5096373968712,-0.161013376141445,-0.209008598554002,0.163188847421281,144.8426987
39.5,51.5096364328365,-0.161012494270267,-0.241170048714529,0.0656862324368739,166.2214273
40,51.5096353119008,-0.161012189294131,-0.219938543195815,0.020719761316309,178.9961266
40.5,51.5096336408113,-0.161011986898561,-0.463591257642441,0.01703776287871,179.2135801
41,51.509630895553,-0.161012028366978,-0.716055360206513,-0.00809363133603132,178.7336114
41.5,51.5096269994105,-0.161011996015678,-0.946005045838893,-0.0104073360687199,186.1938065
42,51.5096221120674,-0.161012007508886,-1.19861343939255,-0.0137253982531653,182.8288062
42.5,51.509616648355,-0.161011967782108,-1.27189747168563,0.00778377494893435,176.1082852
43,51.5096110275204,-0.161011830488821,-1.27665689942091,0.0242886828468795,177.4730856
43.5,51.5096053684152,-0.161011742785056,-1.21126877975934,-0.00312930857461424,182.3091496
44,51.5095998675198,-0.16101180484687,-1.26485238420784,-0.0151614957134725,178.8259156
44.5,51.5095942791577,-0.161011795762414,-1.2150369853312,-0.00520106362992229,181.4518658
45,51.5095886809542,-0.161011684498366,-1.23798684419275,0.0144279070902035,177.5446212
45.5,51.5095830797859,-0.161011645989532,-1.22560005577208,-0.00333139965644638,180.9324968
46,51.5095775042446,-0.161011596880709,-1.30293596457853,-0.00355900379418824,181.725246
46.5,51.509571843838,-0.161011722302454,-1.1851991441582,-0.0229347994060788,178.9365218
47,51.5095663143695,-0.161011899566065,-1.26449030561505,-0.0246880684332066,176.710921
47.5,51.5095607052134,-0.1610120651097,-1.20593638748808,-0.0231961202161341,178.1654585
48,51.5095551853595,-0.161012230789089,-1.25473631801847,-0.0286373963128755,178.968162
48.5,51.5095495310151,-0.161012280516029,-1.29138654521724,-0.0147752480758994,182.8984399
49,51.5095438536226,-0.161012394213441,-1.22574881536653,-0.0270946880035752,182.0438236
49.5,51.5095382633492,-0.161012328115536,-1.25030373746443,0.0220775197557248,175.4589093
50,51.5095325851479,-0.161012228937288,-1.2715470732794,0.00442638155148541,183.3648131
50.5,51.509526911603,-0.161012140093375,-1.24956335340399,0.00985830344062428,177.0151049
51,51.5095212173849,-0.161012083731935,-1.27035435663519,0.0131286950627989,175.3372112
51.5,51.5095155499776,-0.161011979546332,-1.25713493079372,0.00437980265440484,180.6189011
52,51.5095099273354,-0.161011854652996,-1.21251063619957,0.00605954926787679,183.5202295
52.5,51.5095044369773,-0.161011775755988,-1.27498578219346,0.00911605375527954,176.8581545
53,51.5094988037708,-0.161011760364071,-1.22834152320802,-0.0067441143272234,181.832974
53.5,51.5094931317248,-0.161011739721097,-1.23739494420614,-0.00834665895449752,184.1665837
54,51.5094875325096,-0.161011771883994,-1.3203820254488,-0.010430457880678,182.2194077
54.5,51.5094817153686,-0.161011805899676,-1.20445568968352,-0.00694299373208691,181.3541424
55,51.5094761410488,-0.161011819458314,-1.32004275806413,0.00156064350901645,176.4185339
55.5,51.5094704014288,-0.161011697782586,-1.24332490352207,0.0247139576351436,179.0855381
56,51.5094647466212,-0.161011630129395,-1.22835497622896,0.00789532062580004,177.4377425
56.5,51.5094592290852,-0.161011523814822,-1.29113953223825,0.0175812300349461,177.642139
57,51.5094535211922,-0.161011430861473,-1.20965392569885,0.00710298578638859,179.0128719
57.5,51.5094480073293,-0.161011255819213,-1.29484500556094,0.023187063840244,181.3025015
58,51.5094422912464,-0.16101088445154,-1.20977861859729,0.0616211329589246,173.0801385
58.5,51.5094367380785,-0.161010550916103,-1.25226157804531,0.0425244552700662,176.3141083
59,51.5094310264133,-0.161010368523324,-1.28100896790531,0.00913918914491991,180.3776513
59.5,51.5094253216011,-0.161010250442357,-1.27300725797396,0.0155934166754594,176.6202178
60,51.5094196374243,-0.161010081339791,-1.23751171302033,0.0130108960726002,181.037631
60.5,51.5094140051348,-0.161010067169581,-1.29496649453762,-0.00807800607297959,179.6380138
61,51.5094082977433,-0.161010198160941,-1.24323155253345,-0.0185766277674164,176.8932199
61.5,51.5094027021954,-0.161010388199488,-1.22856876695691,-0.0363300408823955,181.2340768
62,51.5093971092563,-0.161010602043197,-1.26363890678207,-0.0355831216579947,180.4390912
62.5,51.5093914487816,-0.161010724273089,-1.25174476267185,-0.0113831432759382,179.0455207
63,51.5093858109544,-0.161010890916902,-1.2591059329624,-0.0381856189197144,185.6989735
63.5,51.5093801225287,-0.161011011858474,-1.27391295911803,-0.0188057761621444,181.2126983
64,51.5093744499952,-0.161011209211367,-1.24345887838504,-0.0294944852016957,182.7064795
64.5,51.5093688656283,-0.161011364567367,-1.21487987481178,-0.0238173021379817,182.6025672
65,51.5093632627158,-0.16101145205555,-1.2962965073593,-0.00609197465772775,180.6805269
65.5,51.5093575731726,-0.161011287535711,-1.23922037948849,0.0288580398281373,179.3503248
66,51.5093519608746,-0.161010977790922,-1.24788199104504,0.0441638337838469,179.3917598
66.5,51.5093463134354,-0.161010759564277,-1.26841530371832,0.0245923217496303,179.1876089
67,51.5093407104885,-0.161010656153297,-1.22835991227437,0.00982519210691919,179.3172173
67.5,51.5093351241922,-0.161010650789168,-1.22692866341967,0.00353749218388123,176.408362
68,51.5093296364036,-0.161010619445431,-1.27985320232194,0.00193507908523545,181.3033456
68.5,51.5093239722989,-0.161010614242688,-1.18082704499569,-0.00282960109964586,180.4438717
69,51.5093185132677,-0.161010642652347,-1.2936320336829,0.00121577701441323,176.8819344
69.5,51.5093127733698,-0.161010638410325,-1.19493396707867,-0.000848009899237563,181.0181271
70,51.5093072424848,-0.161010618444075,-1.3235285718337,0.00144778982611212,180.3756078
70.5,51.509301430325,-0.161010588257957,-1.23207035237089,0.00227881454921289,178.4380261
71,51.5092958252791,-0.161010546897737,-1.2664405416497,0.0100020555107449,176.9087776
71.5,51.5092907691958,-0.161010567576957,-1.09538594464251,-0.00865659135770729,182.9158523
72,51.5092865757119,-0.161010518760986,-0.792858185498149,0.00653911017942133,178.208278
72.5,51.5092836377763,-0.161010407444508,-0.538579149457586,0.0196854251539064,175.6902402
73,51.5092818273812,-0.161010262466351,-0.365846895934351,0.0164322053306319,178.3271878
73.5,51.5092804824703,-0.161009897746154,-0.145035398254552,0.0716191663588347,163.6268162
74,51.5092796711141,-0.161009223206818,-0.259451164173714,0.119304531798502,147.8783262
74.5,51.5092786905299,-0.161008231735071,-0.110917922460333,0.131817162760788,134.9625437
75,51.5092781703323,-0.161006804177576,-0.159692511573289,0.223293609134763,118.8464454
75.5,51.5092777088057,-0.161005165933868,-0.0643099762197892,0.292961509224087,101.8394316
76,51.5092775931142,-0.161003123073699,0.00766060970297301,0.206676338430278,89.30797095
76.5,51.5092777716188,-0.161001515939073,0.058546234778149,0.27462397441962,76.24935357
77,51.5092782121511,-0.160999667380099,0.129703066975779,0.217381645372442,60.87664145
77.5,51.5092788897223,-0.160998163285788,0.138519512561308,0.172516007211304,43.87362295
78,51.5092796540037,-0.160996987726856,0.232921001020012,0.187492617965135,28.39198669
78.5,51.5092806408584,-0.160996062019604,0.208282048307199,0.0733350065134928,15.89954157
79,51.509281574045,-0.160995805576883,0.217598508517569,0.0202022234314484,1.878118985
79.5,51.509283185243,-0.160995690256291,0.391024526415445,3.06712153074051e-05,1.178230504
80,51.5092857199076,-0.160995684852326,0.71232874366079,0.00783656587199938,-1.247261523
80.5,51.5092895779227,-0.160995588406451,0.914063592503488,0.0038610049261007,-1.470001671
81,51.5092944211022,-0.16099567409453,1.20834166314745,-0.0102858849914236,0.3489886275
81.5,51.5092999398995,-0.160995787748411,1.26306961406822,-0.0203388294770732,0.007375750934
82,51.5093055878331,-0.160995935175115,1.28954803420282,-0.0151540375794505,1.19246696
82.5,51.5093113788247,-0.160996060670134,1.23443088642796,-0.0202858992362132,0.2499684553
83,51.5093169518517,-0.160996143760582,1.2920349703858,-0.0172020845986517,-3.563775722
83.5,51.5093226388344,-0.160996182455041,1.19535072043098,-0.00736662376633851,-1.199640368
84,51.5093281598952,-0.160996388143007,1.28236565831782,-0.0259890772566112,2.083547841
84.5,51.5093338852994,-0.160996581985555,1.27366880057327,-0.0279104399785906,0.2065610434
85,51.5093396304634,-0.160996661081783,1.26448427126956,-0.00944304444219271,0.5172281853
85.5,51.509345265188,-0.160996624575574,1.24845809964295,0.00712842909432954,-1.399779894
86,51.5093509330683,-0.160996470331061,1.24647379373427,0.0225137849561142,-0.313257077
86.5,51.5093564873159,-0.160996354831707,1.25368257215602,0.0164265616286181,2.790397631
87,51.5093620377772,-0.160996325179431,1.22614879766021,-0.0072221699853085,-3.767833114
87.5,51.5093676078737,-0.16099656294573,1.23716461987094,-0.0398697523518424,-1.201168465
88,51.50937324974,-0.16099685770329,1.25288145499351,-0.0322857850758272,2.122782837
88.5,51.5093788546319,-0.160997123512087,1.26866364867322,-0.0330054678649119,1.933871159
89,51.5093845282598,-0.160997289429413,1.22113815981493,-0.0229366884456563,-1.029867495
89.5,51.5093900856385,-0.160997458788838,1.26962988128329,-0.0244104274060997,-0.5226269718
90,51.5093957209846,-0.160997462939563,1.23774176055886,0.0100326754213956,1.936604614
90.5,51.5094012754374,-0.160997496060764,1.23678834563158,-0.00742014317621857,1.563287019
91,51.5094069111176,-0.160997509866622,1.25307909119022,-0.00687049240153788,-2.599230597
91.5,51.5094124958394,-0.160997658730675,1.24087116258381,-0.0274814450471872,-0.4948965034
92,51.5094180935573,-0.160997753856565,1.22172732468072,-0.0173450796778602,-2.677899102
92.5,51.5094235919999,-0.160997946612915,1.27580625660904,-0.0300011108947076,-0.2572019169
93,51.5094292689556,-0.160998116618476,1.18909373745455,-0.022988265281132,-1.816689442
93.5,51.5094347197089,-0.160998175388064,1.31263998643991,-0.00783865050646839,-0.07841013443
94,51.5094405674333,-0.160998112653725,1.21831458449822,0.023302650912548,4.026528302
94.5,51.5094461015851,-0.160998014136491,1.27095094751989,0.0158208086700998,1.080754868
95,51.5094517600797,-0.160997789599137,1.21696064588432,0.0364421693926322,1.075103321
95.5,51.5094573395652,-0.160997700477237,1.25958998477988,0.000232762854900245,-2.589972075
96,51.5094629252099,-0.160997755184865,1.22166495099536,-0.0165803708791214,-1.358905388
96.5,51.5094684582513,-0.160997726679698,1.26933063196453,0.00812067258805485,0.5489362493
97,51.5094741253431,-0.160997574988076,1.2412726557419,0.0298922698406004,3.63822047
97.5,51.5094798334804,-0.160997451162143,1.24604460161404,0.0174773313190143,2.198137092
98,51.5094854694895,-0.160997316824551,1.27725255670636,0.0198605570680009,1.717488412
98.5,51.5094911382854,-0.16099714582907,1.22897574897477,0.0245824506424955,1.484270973
99,51.5094966756826,-0.160996864312203,1.28243797939774,0.0418226961216003,2.062978689
99.5,51.5095023565665,-0.160996506224194,1.2066993014742,0.0456794541577422,0.1948708172
100,51.509507887695,-0.160996394645556,1.27491312167207,0.00113162644435304,-1.983343144
100.5,51.50951357609,-0.160996314201463,1.18942580242806,0.00863282334557033,0.6852036525
101,51.5095189953588,-0.160996390344134,1.31719946756843,-0.0151843629001566,-0.1914063119
101.5,51.50952471631,-0.160996416290152,1.17044354054422,-0.000935155840689942,1.254942556
102,51.5095301724202,-0.16099638628932,1.25197867209418,0.00821792247332353,1.613407915
102.5,51.5095358534842,-0.160996396411182,1.29518485165317,-0.00982343533436004,-2.911397805
103,51.5095415947666,-0.160996256412121,1.24062979307852,0.0251248059467006,0.9636202415
103.5,51.5095472529712,-0.160996265424986,1.22342381940927,-0.0105539957047003,-3.044556763
104,51.5095528556028,-0.160996412309625,1.30164334653339,-0.0290783815708639,-1.931859673
104.5,51.5095585422781,-0.160996630854264,1.19407383825138,-0.0303571282053345,-2.650358628
105,51.5095640337707,-0.160996841825253,1.31341254594259,-0.0307349301664055,-0.3848670988
105.5,51.5095698615329,-0.160997077800081,1.20397380028549,-0.030424830979341,-1.996392903
106,51.5095754075138,-0.160997190265588,1.34326073406451,-0.0164995365018238,-1.183488355
106.5,51.5095812541275,-0.160997254226916,1.21383490518397,-0.00426993919716061,-1.528256914
107,51.509586811521,-0.160997254246276,1.2674383593495,0.00427968958131688,1.225456128
107.5,51.5095925062987,-0.160997200089287,1.28424488002827,0.0079169879026822,-2.842030076
108,51.5095982486425,-0.160997168606711,1.20871928032003,-0.000536565517325196,-1.764078476
108.5,51.509603820525,-0.160997210717171,1.32256485316983,-0.0160468883134452,-4.510831941
109,51.5096096488931,-0.160997311126446,1.2573937373436,-0.0218054164512431,-3.89445846
109.5,51.5096152731691,-0.160997424236137,1.2895864325026,-0.0100732869767174,-0.4326315492
110,51.5096210464457,-0.160997626770854,1.23302076403853,-0.0301970765666781,-0.01517691345
110.5,51.509626150516,-0.160997846539833,1.11098121179944,-0.0270345200255386,0.3490804451
111,51.5096303753915,-0.16099803347688,0.837069970763091,-0.0256383789423534,-1.960271158
111.5,51.5096334311156,-0.160998168092104,0.533965589573776,-0.0159437289826167,-5.369385488
112,51.5096351837598,-0.160998323352171,0.321734083414729,-0.0195982675302539,-2.317773326
112.5,51.5096363966345,-0.160998205321572,0.209831954639705,0.049264346876364,12.48868127
113,51.5096373920896,-0.160997494528314,0.187174190071862,0.115511894053155,29.72389387
113.5,51.5096381325535,-0.160996337791829,0.155984753216995,0.182876766137942,46.6462855
114,51.5096388321175,-0.160994987474591,0.138738989782225,0.204063547060066,65.26868203
114.5,51.5096393105423,-0.16099341593173,0.111207027325911,0.294626008077544,73.8242971
115,51.5096395641438,-0.160991374936552,-0.0154511638677712,0.175866251146919,90.67347065
115.5,51.5096394068624,-0.160989950622403,-0.0284457870893924,0.278569690107848,104.0317368
116,51.5096390421239,-0.160988202400463,-0.124902982781131,0.162328050959539,118.3735779
116.5,51.5096383384599,-0.160986920493687,-0.154317047045987,0.202362487934235,133.7516034
117,51.5096375269571,-0.160985752553439,-0.235234928248258,0.138666544785156,150.277436
117.5,51.5096364177003,-0.160985001320228,-0.222344461911781,0.0731756656243708,163.0133889
118,51.509635368352,-0.160984671531947,-0.268209184088728,0.0255749553192946,180.2845
118.5,51.5096336606833,-0.16098456213764,-0.420116106546235,0.00524157742206931,179.29659
119,51.5096310259368,-0.160984495553914,-0.682391454022143,0.0153297051442156,177.5067658
119.5,51.5096272984619,-0.160984283843984,-0.964847014688163,0.0332357721342707,176.0962331
120,51.5096224304145,-0.160984146554938,-1.18966939471076,0.0251717733027845,178.646289
120.5,51.5096169304251,-0.160984076951942,-1.23115411744354,-0.00127473049717971,179.6672015
121,51.5096113378317,-0.160984138754525,-1.28685123222517,-0.0102274923304082,179.5352364
121.5,51.5096055955397,-0.160984023203875,-1.21922475991125,0.0152281071264161,181.0335065
122,51.5096000595679,-0.160983908502707,-1.25037647076704,0.0140119445693036,179.5147668
122.5,51.5095944618056,-0.160983806542416,-1.28581606064856,0.00805005882251436,180.4523378
123,51.5095887507677,-0.160983903000232,-1.2216504364186,-0.0250859687869172,182.4494484
123.5,51.5095832392588,-0.160984055526991,-1.26900091094561,-0.0188723178192521,179.6449469
124,51.5095775601496,-0.160984194325041,-1.22640339650179,-0.0221239998588897,183.2345518
124.5,51.5095719754073,-0.160984397912645,-1.26349674896047,-0.0327298800875841,180.9176066
125,51.5095663407508,-0.160984710046299,-1.24867702383713,-0.0424049420084402,181.2995047
125.5,51.5095607513704,-0.160984899800007,-1.24390673815722,-0.0230273551385124,182.944912
126,51.5095551246913,-0.160984979374239,-1.24568254391229,-0.00127644534092242,179.110637
126.5,51.5095494762358,-0.160984872167831,-1.25674490243546,0.0319615907377859,173.4793609
127,51.5095438842672,-0.160984767729145,-1.24172357770482,0.0169578932422223,178.1797683
127.5,51.5095383675333,-0.160984655097804,-1.23996212608606,0.0202516961307244,175.413785
128,51.5095328063268,-0.160984609958169,-1.19818055048274,-0.00157052290389013,181.1409572
128.5,51.5095273807494,-0.160984465089582,-1.25122289539427,0.0190615280824472,177.7698587
129,51.509521775507,-0.160984368078276,-1.25363749259528,0.00968324648828912,178.8252296
129.5,51.509516190619,-0.160984390213048,-1.1967980770148,-0.0167699877558458,182.2378119
130,51.509510627259,-0.160984509954405,-1.24126810578263,-0.0191759639188179,181.1616301
130.5,51.509504987612,-0.160984611281926,-1.29020655828491,-0.0138385901231546,180.2862722
131,51.5094992563332,-0.160984718467719,-1.23728918855083,-0.0148480889156667,180.2710176
131.5,51.5094936906246,-0.160984828097469,-1.24569223751981,-0.0199439090888358,183.0922477
132,51.5094880455768,-0.160984926101073,-1.26205432828675,-0.0142364207548721,182.0954201
132.5,51.5094824544067,-0.160984862881986,-1.24215966528808,0.0135213138425574,181.3048187
133,51.5094768584336,-0.160984704717446,-1.29777890468391,0.0251187729112912,180.3214356
133.5,51.5094711142494,-0.160984421770788,-1.18267086813742,0.0399055639740049,180.4802434
134,51.5094656401667,-0.16098405992837,-1.28115355940038,0.0497393492116129,179.0989082
134.5,51.5094600133612,-0.160983730921685,-1.22712846291418,0.0513498256268127,176.0535893
135,51.5094545086031,-0.16098347317463,-1.23163201678662,0.0320715298570099,180.0848668
135.5,51.5094489400906,-0.160983398498151,-1.22260893941306,0.000435277882538086,181.8434684
136,51.5094433582384,-0.160983408621248,-1.25002515143599,-0.00636351920439568,180.2761176
136.5,51.509437739817,-0.160983353624911,-1.23948780910727,0.017172505108376,178.2103649
137,51.5094321416776,-0.160983225999315,-1.290535290635,0.0209131429978888,180.8108387
137.5,51.5094264169653,-0.160983074844629,-1.22258085056343,0.02055851497856,178.1093611
138,51.5094209068362,-0.160982973845376,-1.26466997864956,0.0135683511925419,179.6550705
138.5,51.5094152628497,-0.160982816431831,-1.21021043695203,0.0227736748791623,179.2395757
139,51.5094097368438,-0.160982635232787,-1.25146288230035,0.0253521870389701,180.8484847
139.5,51.5094041478133,-0.16098245437261,-1.26053376428057,0.0243656227939909,178.0825399
140,51.5093984640782,-0.160982262621086,-1.26233595435765,0.0260754242713002,179.5476345
140.5,51.5093927368038,-0.160982073801981,-1.23929128267115,0.0198377260127534,182.0784763
141,51.5093871479698,-0.160981898343104,-1.27443120617173,0.0305828641272906,177.3270238
141.5,51.5093815434146,-0.160981853599877,-1.23692855231552,0.00362526266752617,178.8118255
142,51.5093758862415,-0.160981887483227,-1.22735952758024,-0.004493496484322,176.7007077
142.5,51.5093702728435,-0.160981834201446,-1.25955192741944,0.011506656962331,178.7513444
143,51.5093646183969,-0.160981832918407,-1.30636583908822,-0.0064246650426478,181.3298032
143.5,51.5093588911487,-0.160981892479329,-1.22387182236775,-0.0188234220755157,183.824213
144,51.5093534034265,-0.160981951500847,-1.22453366379196,-0.00966099961441932,180.8997608
144.5,51.50934782755,-0.160981961762602,-1.27764159152907,0.00557858173877579,177.6212039
145,51.5093421283013,-0.160981859522364,-1.21431089718016,0.0238199183467857,177.5276212
145.5,51.5093365773681,-0.160981797059454,-1.29560672335688,0.00536367906452928,179.5403899
146,51.5093307510483,-0.160981665396021,-1.23378691559169,0.0117191529542066,182.1832872
146.5,51.5093251548183,-0.160981670085874,-1.28449335549512,-0.00290060797589119,181.3286812
147,51.5093195475524,-0.160981588911727,-1.22005782636977,0.013111309540542,180.5229649
147.5,51.5093139457889,-0.160981482225114,-1.286496124903,0.010046005364661,181.1211076
148,51.509308231526,-0.160981304430811,-1.2374711268772,0.0246896830283813,180.7247421
148.5,51.5093026072648,-0.160981171511194,-1.28023727217264,0.0207361934503554,178.8830621
149,51.5092968738392,-0.160981023283679,-1.22279838711672,0.0213541586428858,180.1616594
149.5,51.5092918503702,-0.160980877862075,-1.14234564529883,0.017326900627194,180.6604195
150,51.5092875093697,-0.160980759245401,-0.783942330781569,0.0182592292024938,179.7082185
150.5,51.5092846213214,-0.160980723862218,-0.586995434227778,0.00272947119861165,179.0755794
151,51.5092826709674,-0.160980843322688,-0.28132928158724,-0.0182408178480347,178.4252312
151.5,51.5092815584736,-0.160980767700076,-0.285293595055404,0.042516398045646,165.6569998
152,51.5092804555078,-0.160980078170705,-0.130336006224679,0.111299264691946,151.3951269
152.5,51.5092797906525,-0.160979137725894,-0.209369727416913,0.159526114305849,138.8018217
153,51.5092790207008,-0.160977785947888,-0.0933309709229693,0.190858930393473,124.6302753
153.5,51.509278641525,-0.160976235256653,-0.0926513906587918,0.213305322585921,104.6838603
154,51.5092783968022,-0.160974641710279,-0.0137511320988234,0.234575290050941,89.91980306
154.5,51.5092784925375,-0.160972908418362,0.0365594563587805,0.275832286146811,73.18741568
155,51.5092788502535,-0.160971108815962,0.113884022591854,0.201476634569052,61.95210193
155.5,51.50927949647,-0.160969698989791,0.131311448298402,0.168299756838474,43.37738353
156,51.5092802601253,-0.160968666639572,0.255268282756396,0.180694411428167,33.46329679
156.5,51.5092813110547,-0.160967767507881,0.19389545718941,0.0532991924256125,16.58500723
157,51.5092822994384,-0.160967541628167,0.238717613742524,0.0282444376795911,-1.931795183
157.5,51.5092839836697,-0.160967464713623,0.420184993677259,-0.0109990470889329,1.317989498
158,51.5092865986057,-0.160967585526666,0.6707012238681,-0.00391100985284899,0.9439074237
158.5,51.5092903278676,-0.160967657931059,1.00993532945203,-0.0228191425466881,-2.405383392
159,51.5092953966542,-0.160967753859125,1.12847362340025,-0.007267098868271,0.3271151924
159.5,51.5093006707219,-0.160967779536681,1.31637894525679,-0.00050097724908489,1.369378178
160,51.509306438788,-0.160967875923676,1.23595003253554,-0.00916601739124859,1.006731672
160.5,51.5093120669177,-0.160967892115775,1.2775965986573,-0.0100309869190625,-2.824354163
161,51.5093178038507,-0.160967863707114,1.23722788982501,0.00301331250388358,-0.4118735072
161.5,51.5093233994116,-0.160967776708616,1.25038728169976,0.0121784511564073,-0.9417242614
162,51.5093290080176,-0.160967662723658,1.24320349683,0.0218682774910355,2.718403932
162.5,51.5093346227726,-0.160967543943726,1.27904523730978,0.0159885745866362,0.8120322924
163,51.509340367622,-0.160967547549409,1.21841001162152,-0.00552088248113113,0.1465987343
163.5,51.5093458300373,-0.160967515736735,1.33133823265004,0.00914213785867891,0.9502568654
164,51.5093517070145,-0.160967531376293,1.19943623152751,-0.00407198219694313,-0.2022515673
164.5,51.5093572837272,-0.160967562050788,1.27017317178273,0.00217191582311135,4.454088776
165,51.5093629631991,-0.160967584076699,1.27227581095459,0.00260057154878841,3.146583908
165.5,51.5093686464004,-0.160967558502181,1.28213862998867,0.00609467239835194,2.997583603
166,51.5093744438907,-0.160967453200748,1.23314118428016,0.014508142683924,0.6638444436
166.5,51.5093799946822,-0.160967426376596,1.31834558598269,0.000802827012005326,0.6412284846
167,51.509385747719,-0.160967324608248,1.20979066003831,0.00870810664300838,-0.7950062597
167.5,51.5093912255445,-0.160967284859097,1.25901430410762,0.00492895528360307,2.181213059
168,51.5093968451334,-0.160967239227688,1.25890914141639,0.0106305713307846,2.978413856
168.5,51.5094025072279,-0.1609672431897,1.21402307164254,-0.00372538078752662,1.3069197
169,51.5094081182423,-0.160967345363419,1.26345348245844,-0.0244564535600003,-0.6052361351
169.5,51.5094137809628,-0.160967460968231,1.2628126769856,-0.0157440571100371,1.257212072
170,51.5094194020074,-0.160967540666576,1.22383795381796,-0.0146385178663963,-2.545345119
170.5,51.5094249577559,-0.16096762942204,1.28727813967425,-0.0158246316200385,-1.598998116
171,51.5094305777235,-0.160967696585438,1.22574231559743,-0.00645245969051454,-0.1886468871
171.5,51.5094361159908,-0.160967767038054,1.18048074520647,-0.00988830160667311,-0.01678754455
172,51.5094415541471,-0.160967828822413,1.28337566429122,-0.00533626636326979,0.5833297502
172.5,51.5094472664517,-0.16096784520476,1.18757149044041,0.00232415352783403,1.571324552
173,51.5094526675082,-0.160967727144818,1.31994015787739,0.0204693545019268,0.06357684109
173.5,51.5094584595467,-0.160967660890283,1.15283228369271,0.0130170287155301,3.381912105
174,51.5094638591094,-0.16096756024799,1.32702855718038,0.0153191191534851,0.4132328673
174.5,51.5094697052965,-0.160967428268395,1.21341407975781,0.0142678451542116,0.1549477323
175,51.5094751602756,-0.160967436366792,1.28218412924288,-0.00660107676415795,-0.8535013154
175.5,51.5094809084733,-0.160967491238576,1.20243733201632,-0.00921397389895115,0.1613764304
176,51.5094864552722,-0.160967382677593,1.329284947319,0.0216618954144065,0.3839799425
176.5,51.5094923463789,-0.160967333833321,1.18939039175707,0.000484583546722242,-0.131635673
177,51.509497751781,-0.160967305779393,1.3356276961225,0.00613274616455901,1.888865137
177.5,51.5095035714115,-0.160967138561374,1.17967084261127,0.0274610618688096,0.3834416327
178,51.5095090466103,-0.160966926267105,1.35391919856912,0.023800409630484,-3.827189259
178.5,51.5095149381635,-0.160966756996689,1.16907806019625,0.0137927181041013,-3.039501564
179,51.5095203575771,-0.160966558258317,1.29436404484825,0.0289869022970415,-1.312299771
179.5,51.5095259861216,-0.160966389539241,1.20879621713987,0.0230279438256383,0.04772296614
180,51.5095314926452,-0.160966333470616,1.24752882356702,0.0092575913801788,0.9482673186
180.5,51.5095371096402,-0.160966268896706,1.19210297063865,0.0111230439687365,0.3553368506
181,51.5095425555471,-0.160966210650946,1.27636061642419,0.0102717860803459,1.213944137
181.5,51.5095482118679,-0.16096623110428,1.22813969499905,-0.00458613749313347,0.9544612668
182,51.509553768947,-0.160966281504416,1.2726225291137,-0.0065198737780318,-0.1481527152
182.5,51.5095594178721,-0.160966364475264,1.18581171550763,-0.00879513906355036,0.8247981421
183,51.5095648725537,-0.160966312882817,1.32502970720776,0.00834411059383142,-1.170738712
183.5,51.5095707299718,-0.160966259457161,1.18061274396408,0.00140130320438017,-3.684398388
184,51.5095761204979,-0.160966280552594,1.29578222382679,-0.00532487493051217,-0.8502014739
184.5,51.5095818085763,-0.160966268469816,1.18380285673153,0.00537328095980294,0.4509741999
185,51.5095873301645,-0.160966347552865,1.27242270839748,-0.0116887386431274,1.209063046
185.5,51.50959303151,-0.160966562688573,1.26304523933008,-0.032714607820935,-2.300862837
186,51.5095986993159,-0.16096674091682,1.24702320405269,-0.0242881712129386,-1.816450711
186.5,51.5096043192221,-0.160966829897675,1.24868183219385,-0.013098514573707,-1.825287607
187,51.5096098031196,-0.160966947820003,1.22162715117902,-0.0223630523919338,-2.289936086
187.5,51.5096154158619,-0.16096704815626,1.25884245259969,-0.00906285375632084,-1.094945983
188,51.5096210804102,-0.160967086488771,1.26117374281335,0.00207842240871069,0.7418629151
188.5,51.5096261778105,-0.160967135588634,1.06410538332238,-0.00313871368029472,2.567761217
189,51.5096302855526,-0.160967178690136,0.827003945735159,-0.00267594170021511,2.4557342
189.5,51.5096332728545,-0.160967284749735,0.590590554776937,-0.0128236313887359,4.241476728
190,51.5096351709971,-0.160967487359358,0.255685474955066,-0.0335296373011853,3.640162316
190.5,51.5096363463475,-0.160967432536623,0.274458226116963,0.0378792414150193,14.77472204
191,51.5096375366388,-0.160966803772424,0.141403691787865,0.0814658322124016,32.300371
191.5,51.5096382390664,-0.160965877970907,0.244194683512921,0.175274287583848,41.91244262
192,51.50963910529,-0.160964438184105,0.122986564863739,0.221411764437732,64.42187726
192.5,51.5096396151267,-0.160962779420785,0.115473839898537,0.222490553792731,75.64807728
193,51.5096399294633,-0.160961149044784,0.0257737804596186,0.224460777564136,93.66789459
193.5,51.509639858545,-0.160959536285739,-0.0315748181600279,0.261272045112726,104.0558161
194,51.5096394460447,-0.160957783549127,-0.113899451764241,0.163258406257275,116.5627281
194.5,51.5096387765124,-0.160956564599326,-0.184296491841088,0.231547890965455,131.889867
195,51.5096379345663,-0.160955263555989,-0.181588421807078,0.0991767939109286,147.8171321
195.5,51.5096369779444,-0.160954543145988,-0.242656660832933,0.126993144442362,161.3832921
196,51.5096358926956,-0.16095405947537,-0.238341725653051,0.00861677086181464,176.0029693
196.5,51.5096342145385,-0.160954049038004,-0.458779677798279,0.02130032181611,177.8799516
197,51.5096315262523,-0.160953966382532,-0.710002117595651,0.0003705139844455,182.104224
197.5,51.5096276659403,-0.160953999225837,-0.927257648030736,-0.00415068359740305,182.2282855
198,51.5096227203458,-0.160954032073363,-1.22011343762929,-0.0132219471353441,181.226265
198.5,51.5096171566701,-0.160953987964935,-1.27803989643502,0.0114093199862257,178.0725603
199,51.509611551882,-0.1609540084531,-1.23667555495339,-0.0180353500727675,183.923921
199.5,51.5096060061736,-0.160954143491465,-1.27433951967966,-0.0169911756812781,177.7243238
200,51.5096003160045,-0.160954176943218,-1.18623687855806,-0.000415250510691778,180.8463963
200.5,51.5095947873173,-0.160954198223621,-1.30166156478885,-0.00342857791215676,179.2040563
201,51.5095889905706,-0.160954140948544,-1.24148282629801,0.0153099060865289,177.54173
201.5,51.5095834051292,-0.160953975962208,-1.29606363191196,0.0208849759686529,181.9305914
202,51.509577687978,-0.160953811701701,-1.2136794303218,0.0234711207100087,180.6973173
202.5,51.5095721439134,-0.160953631431328,-1.31175254486205,0.0237109940935184,179.7872976
203,51.5095663213356,-0.160953546218423,-1.21214730437585,0.00644169263115969,180.2373926
203.5,51.5095607438453,-0.160953487905131,-1.26836897010065,0.00715777858672503,180.3877491
204,51.5095550933168,-0.160953363004436,-1.27635011505356,0.0153115077436091,182.2840524
204.5,51.5095494061881,-0.160953191535561,-1.22618748095099,0.0271312624599936,179.1655684
205,51.5095438886734,-0.160953025804953,-1.25305483748906,0.0232156303706565,180.8234644
205.5,51.509538284438,-0.160952902113231,-1.22737174211783,0.015031711163189,178.7975816
206,51.5095326946293,-0.160952885932739,-1.28541442479216,-0.00308251280963307,179.8895413
206.5,51.509527004247,-0.160952967927822,-1.19642836534556,-0.0141398861684021,181.4586468
207,51.5095215524865,-0.160953104215856,-1.30438329864963,-0.0251113451232358,183.6242553
207.5,51.5095158197586,-0.160953280093578,-1.19679724372182,-0.0231982394481031,179.2042009
208,51.5095102991832,-0.160953391979194,-1.24051128555598,-0.0156608199685994,181.9957541
208.5,51.5095047143494,-0.160953601388893,-1.26381007741862,-0.0293928388220514,180.8889609
209,51.5094990495433,-0.160953694261691,-1.21150393881895,-0.00683795070505313,182.6291554
209.5,51.5094935397142,-0.160953730267452,-1.34217468776333,-0.0135192080544668,183.0347725
210,51.5094876546024,-0.16095367779199,-1.17429062018123,0.0131741840841956,181.4507542
210.5,51.5094822227935,-0.160953483092041,-1.33101059384344,0.0296510534480825,178.8140748
211,51.509476362094,-0.160953401610188,-1.1785522687529,0.00481241415509585,183.9557383
211.5,51.509470864173,-0.160953249769028,-1.33015311483811,0.0238264451592585,177.8042802
212,51.5094650625972,-0.160953189488374,-1.24073504611736,0.00902875069637403,180.7145452
212.5,51.5094594409891,-0.160953164799568,-1.22748041256918,0.00234789042445139,178.7391933
213,51.5094539190992,-0.160953339972197,-1.28302082430291,-0.0253706234822461,178.6960762
213.5,51.5094482513546,-0.160953456127503,-1.20753805154016,-0.0190630516229515,183.3885663
214,51.509442717248,-0.160953504273739,-1.27968679924465,6.62913828406329e-05,178.7222574
214.5,51.5094370468152,-0.16095345693574,-1.23181853502248,0.00930394775579509,180.8548197
215,51.5094315318487,-0.160953399748507,-1.22777743227687,0.0024603647643611,181.7588877
215.5,51.5094259850063,-0.160953444791112,-1.26569432889536,-0.00321824721045355,177.6801227
216,51.5094203265625,-0.160953540256061,-1.21925777995809,-0.015384884362382,181.0869509
216.5,51.5094147514862,-0.160953625206228,-1.24807869390786,-0.0157814315757919,181.5862027
217,51.5094091531306,-0.160953782227821,-1.21946962541295,-0.0173038622094129,177.392913
217.5,51.5094035754745,-0.160953892410898,-1.27759817167341,-0.00703149645300642,176.7246336
218,51.5093978988052,-0.160953871915737,-1.22000840546214,0.00626576287681131,178.7399732
218.5,51.5093923936418,-0.160953929309836,-1.29669857109578,-0.0157250006048839,182.0825483
219,51.5093866128711,-0.160953922113661,-1.21765747370416,0.00150113110939457,178.4602342
219.5,51.5093810259304,-0.160953873541641,-1.28752314634565,0.00359846995940373,181.2712662
220,51.5093753639229,-0.160953901383384,-1.19360350352715,-0.012312801894571,181.0597358
220.5,51.5093698611097,-0.160953889243696,-1.33124862068753,0.00316783855782967,181.1433086
221,51.5093640435778,-0.160953929808663,-1.18894347649255,-0.00993589250795774,179.6632944
221.5,51.5093585766954,-0.16095400037925,-1.28380094344534,-0.0125037869818296,182.6171882
222,51.5093528819678,-0.160953963770428,-1.23538240004746,0.0156554412784149,176.4072879
222.5,51.5093472784622,-0.160953936386577,-1.26780606971068,0.0035403590804261,180.1901693
223,51.5093415950302,-0.160953978234678,-1.2386325868841,-0.0112924542242744,179.9060967
223.5,51.5093359969704,-0.160954097435639,-1.26885344978631,-0.0146250414801097,178.4543129
224,51.5093303609358,-0.160954180692518,-1.25151987215685,-0.0149565056024914,179.6355984
224.5,51.5093246959204,-0.160954250827564,-1.1904510423763,-0.00987349149234326,180.0614126
225,51.5093192570606,-0.160954261640086,-1.33838000883211,0.00438309742527222,177.8211703
225.5,51.5093134273206,-0.160954257906341,-1.17505771812085,-0.0058164376157859,182.9080112
226,51.5093079532638,-0.160954297270375,-1.3103352680205,-0.00797446915600967,180.3529967
226.5,51.5093021989715,-0.160954331034384,-1.20945727563111,-0.00622542432635707,182.9686565
227,51.5092966872939,-0.160954370799525,-1.27990724207756,-0.0107619980964767,181.5588309
227.5,51.5092915127335,-0.160954317370046,-1.04041649202715,0.0111828077667938,180.8410469
228,51.5092874394836,-0.160954220363704,-0.883011430485754,0.0121939494428158,180.1206638
228.5,51.5092842287675,-0.160954143738248,-0.51530917602781,0.014187306570627,181.6262646
229,51.5092824499804,-0.16095412579411,-0.340152912048747,0.00153769674462659,181.7712637
229.5,51.5092811579872,-0.160953807074849,-0.226171756533244,0.0759768982446548,163.2959305
230,51.5092801043397,-0.160953057793358,-0.226443239386767,0.121440057862169,149.6401585
230.5,51.5092791457492,-0.160951995149899,-0.212971911637527,0.182565244575808,134.8450691
231,51.5092784292116,-0.160950522444161,-0.128670730428851,0.222323708706612,121.4614476
231.5,51.5092779874863,-0.160948849374987,-0.0715440543342148,0.239413822828354,107.4705754
232,51.5092778107258,-0.160947077216947,-0.00882810799973335,0.24293264382919,88.97909421
232.5,51.5092779196159,-0.160945247382689,0.0517326771464556,0.269410195609609,76.70695641
233,51.5092783351841,-0.16094348238574,0.127583436421189,0.23044916527506,58.20853675
233.5,51.5092789600012,-0.160941982578096,0.159212082502939,0.189610138265878,44.70148524
234,51.5092797799365,-0.160940819663897,0.182046247556541,0.120494628619187,32.98317837
234.5,51.5092806946532,-0.160940119503111,0.217499795571849,0.0836552149802841,16.54379981
235,51.5092816724785,-0.160939878715562,0.261497268308065,0.00457333843956436,-2.405842172
235.5,51.5092833758371,-0.160939864661932,0.418353034796374,-0.00677447709996309,1.338239836
236,51.50928604481,-0.160939853411505,0.654935847231773,0.0122854297401817,3.241574967
236.5,51.509289789978,-0.16093982605467,0.940004066813449,0.0012245094590034,0.9146361368
237,51.5092946843789,-0.160939738866247,1.23541880275374,0.0189688140748828,-0.01403838959
237.5,51.5093002424692,-0.160939624078234,1.2420447181878,0.00537070485787586,-1.681593028
238,51.509305783333,-0.160939508025679,1.275670119254,0.0169374745883991,-0.6303742429
238.5,51.5093114283035,-0.16093940466209,1.22628331956722,0.0113465388118447,-0.03354994528
239,51.5093169681306,-0.160939524162615,1.22936866501665,-0.020114575693062,1.363415115
239.5,51.509322521687,-0.160939685709075,1.26014892016923,-0.0264305600067482,-2.113265137
240,51.5093281708517,-0.160939857478923,1.22235481926026,-0.0297606100615398,-3.260799551
240.5,51.5093337209693,-0.160939977731244,1.25939960345871,-0.0166512131984116,-3.503766245
241,51.5093393022375,-0.160940046001326,1.24954088962952,-0.00332308316178319,-0.08781594523
241.5,51.5093449365616,-0.16094007107933,1.22984003878914,0.0057462188575625,3.248119304
242,51.5093504480857,-0.160940063292976,1.220048373725,0.00284687578934121,0.9167752097
242.5,51.5093559487679,-0.160939941670702,1.25449593288282,0.0183934806636421,-1.126745696
243,51.5093616116973,-0.160939825364504,1.22230016214769,0.0131792332403212,-0.1703532681
243.5,51.5093672018488,-0.160939882620062,1.26196557897176,-0.0109216065928051,0.6239553372
244,51.5093728932126,-0.160939889502952,1.22814607247482,-0.000169987865250956,0.2751194925
244.5,51.5093783700254,-0.160939881278228,1.33539636302184,0.000266786138933234,-1.322568405
245,51.5093842504543,-0.160939903079626,1.13312071252293,-0.00345111217228271,-1.059756834
245.5,51.509389611445,-0.160940048706251,1.36949044216908,-0.0188451322343603,2.57888148
246,51.5093954363725,-0.160940050469218,1.1606958371897,-0.000388881893618689,-2.519938903
246.5,51.5094008422709,-0.160940053423724,1.27846300113959,-0.00367645218120558,-1.343276521
247,51.509406524285,-0.160940064534152,1.23407941456418,-0.00016184854334907,0.5749718571
247.5,51.5094120363888,-0.160940035606081,1.27606998912219,-0.00080892418426674,-2.321043839
248,51.5094177261458,-0.160940073175106,1.20576828737752,-0.00481604655642194,0.06082631362
248.5,51.5094231799877,-0.160940124837696,1.24352679937918,-0.0105935919037525,-2.291456556
249,51.5094287902462,-0.160940212885707,1.2273984503467,-0.0182346147637439,-2.51939803
249.5,51.5094343304588,-0.160940380132329,1.24739262666912,-0.0232612013148501,-0.555158628
250,51.5094399530675,-0.160940572408476,1.23530134580292,-0.0272230852337304,-0.5301603163
250.5,51.5094454594394,-0.160940797646865,1.22293576863735,-0.0316376479327406,-2.325507904
251,51.5094509868047,-0.160941040215393,1.26279439183114,-0.0332763687792563,-0.4314986242
251.5,51.509456679915,-0.160941258142831,1.23842986758889,-0.0254685754781031,-1.590760884
252,51.5094622659335,-0.160941425992136,1.29511889373559,-0.0270073503797554,-3.301975551
252.5,51.5094680458068,-0.160941535756367,1.20363012769069,-0.0127403143296931,-2.888138952
253,51.5094735018911,-0.160941643937505,1.27099964238864,-0.0125399656249671,-0.4937570118
253.5,51.5094791052026,-0.160941676186144,1.22474565821113,0.000581913874847483,0.3072396666
254,51.5094847016275,-0.160941778430881,1.25443870627163,-0.0182247324060527,-1.448082231
254.5,51.5094903118179,-0.160941957540007,1.23096285276496,-0.0203972347245475,1.897748893
255,51.5094958700938,-0.160942064258803,1.24236417153115,-0.00352667465382357,4.106614948
255.5,51.5095015095528,-0.160942127350288,1.26831692018593,-0.00454453485110952,3.056254161
256,51.509507198227,-0.160942155786522,1.26696713878881,-0.00576270798339514,0.5434347002
256.5,51.5095128670054,-0.160942078730799,1.23134594395154,0.00573247288945966,-1.450964886
257,51.50951849446,-0.160942040825543,1.26403201435721,0.000173597636500348,-1.650941638
257.5,51.5095241629009,-0.160941981973083,1.25378145619975,0.0140953470701657,2.161889284
258,51.5095297473437,-0.160942040194553,1.25015151316684,-0.00711756712144512,1.596663255
258.5,51.5095354154941,-0.16094209662792,1.2500161609809,-0.0146336752892608,-2.554400055
259,51.5095409694601,-0.160942087520649,1.25259241302658,0.00681171470868672,2.208103845
259.5,51.5095465955597,-0.160942028615873,1.23729772139956,0.0189025213929771,4.130350228
260,51.5095522270237,-0.160941888730621,1.25924431422542,0.0162301286728569,-1.097572276
260.5,51.5095578532046,-0.160941697833586,1.2797663795506,0.0320447749626371,2.960216465
261,51.509563632573,-0.160941354823513,1.21108580615066,0.0499214886399787,1.518958992
261.5,51.5095691849154,-0.160941012891725,1.32363730008998,0.0541971607882659,5.445809718
262,51.5095750259499,-0.160940562167769,1.21396543925926,0.0640993909889925,2.235632131
262.5,51.5095805659292,-0.160940140945591,1.31968641997676,0.0508126032808556,-1.744485655
263,51.5095864025855,-0.160939721159512,1.21436127528978,0.0550193025718922,2.740138532
263.5,51.5095919106186,-0.160939391869504,1.31055756709689,0.0389616181900268,-1.640666631
264,51.5095976365887,-0.160939175172908,1.18778549160696,0.0222896548518695,3.406195986
264.5,51.5096030949659,-0.160939010249858,1.29617383304569,0.0243977893897994,0.7318198438
265,51.5096087754138,-0.160938933266945,1.18773383494518,0.00299621704570445,0.1715513146
265.5,51.5096141915203,-0.160938944627393,1.26788043173532,0.00631690034924682,1.800887562
266,51.5096198904153,-0.160938817283641,1.17099832061028,0.0182617852965831,-0.7670888412
266.5,51.5096247689754,-0.160938769510825,1.16658348947062,0.00813695563137875,1.9771031
267,51.5096291797926,-0.16093884467921,0.733612572185097,-0.019851406943776,-2.00673085
267.5,51.5096319740287,-0.16093885108942,0.664589863284298,0.006367998393056,3.261888288
268,51.5096341194693,-0.160938894608212,0.215287576779947,-0.00817292207931717,4.069248279
268.5,51.5096351503752,-0.160938888806533,0.346840335687801,0.0276209202759777,15.94421724
269,51.5096364176966,-0.160938350006657,0.127467179941843,0.0907443806025608,28.80146073
269.5,51.5096371690315,-0.160937373925313,0.26367025445715,0.175188164081139,45.14182873
270,51.5096380819588,-0.160935820335779,0.0617137786699847,0.176383215400845,60.97858706
270.5,51.5096383683056,-0.160934391438203,0.143552441537779,0.265440389487834,72.53082563
271,51.5096386991623,-0.160932500881226,-0.019319085716273,0.235271525564286,88.2549087
271.5,51.5096385363565,-0.16093083547654,-0.0188293578125014,0.286413100687203,105.7240885
272,51.5096381797185,-0.160928865111265,-0.153326267647107,0.241159572547627,118.8992539
272.5,51.5096374236432,-0.160927222262116,-0.125835378743169,0.16659484099377,133.0049626
273,51.5096366067708,-0.160926134764502,-0.256444058194032,0.177489325560912,151.6953891
273.5,51.5096355453114,-0.160925356361222,-0.194980510337282,0.040918981666532,163.8378486
274,51.5096345535639,-0.160925180860452,-0.248809366220764,0.0273325462521456,180.0608526
274.5,51.5096328771996,-0.160925097656691,-0.463999876440921,-0.0114738464642645,180.754283
275,51.5096301500743,-0.160925148079754,-0.616391744939342,0.00715899102161973,179.7664654
275.5,51.5096265858929,-0.160925204424858,-1.02990055348845,-0.0197221829936942,179.4060192
276,51.5096214588628,-0.160925323649927,-1.11394814992452,-0.0142777404648615,182.7498542
276.5,51.5096161050867,-0.16092540516043,-1.33645902504438,-0.0153622187430639,179.5518
277,51.5096102482943,-0.160925357435579,-1.22003492447466,0.0213134827784814,178.6922152
277.5,51.509604740894,-0.160925212238759,-1.36134866407198,0.0180007460979189,180.0903708
278,51.5095988151769,-0.160925088578768,-1.17277209123138,0.0144843434276991,180.6361565
278.5,51.5095934457622,-0.160924984947967,-1.34878871793448,0.011012355518618,179.0652143
279,51.5095875422155,-0.16092496526203,-1.15253703779113,0.00669003670586121,176.2146971
279.5,51.5095821192209,-0.160924914734414,-1.33363053600016,0.0126896426167809,176.619113
280,51.5095762573835,-0.160924875036455,-1.19936302073892,-0.000599268921144931,180.0109509
280.5,51.5095707569153,-0.1609248592961,-1.28611990929576,-0.0041493832844629,182.8749949
281,51.5095650811113,-0.160924826096324,-1.22271295525296,0.00447206751176027,179.5162006
281.5,51.5095595660953,-0.160924759245471,-1.27940633662955,0.00524078331271017,182.7680584
282,51.5095539012248,-0.160924785376579,-1.18746432819684,-0.0143395321001448,184.8230112
282.5,51.5095484565558,-0.160924804311895,-1.27930835253438,-0.0035524799767714,180.625257
283,51.5095427784915,-0.160924857007126,-1.23138744659907,-0.00563585083961904,180.6117619
283.5,51.5095371813736,-0.160924872187967,-1.24020309317783,0.00301955537168189,178.4848855
284,51.5095315619049,-0.160924820579728,-1.23440590220671,0.0147714217059617,178.2396214
284.5,51.5095259767033,-0.160924699350041,-1.27134336491796,0.027204560123636,176.4061931
285,51.5095203516994,-0.16092441770167,-1.24963924460072,0.0463102449324373,178.1042738
285.5,51.5095147605303,-0.16092404870011,-1.26800572065961,0.0570689031168862,176.1449223
286,51.5095090807431,-0.160923604027052,-1.19552002655788,0.0604399961160401,177.0774185
286.5,51.5095036116459,-0.160923280356673,-1.2991917495997,0.0398860053461499,179.7530711
287,51.5094978322309,-0.160922936492265,-1.24388061563895,0.0481659596808893,175.9681957
287.5,51.5094922234803,-0.160922619339207,-1.23198534421269,0.0416200689969967,177.944019
288,51.5094865676535,-0.160922312472028,-1.26780897316015,0.0361746635007862,179.8590868
288.5,51.5094808938614,-0.160922136493946,-1.28927795242342,0.0290590879435543,174.4730041
289,51.5094751389299,-0.160921924610922,-1.22024498586224,0.030804645874304,176.8245234
289.5,51.5094695809073,-0.16092175971027,-1.30616395533707,0.0272378154442575,174.2884128
290,51.5094637874611,-0.160921691652583,-1.2224686460037,-0.0056291609355103,182.092605
290.5,51.5094582067828,-0.160921678662157,-1.29982210227068,-0.00207692093023409,179.2168478
291,51.5094524043942,-0.160921633478544,-1.2610267838269,0.00503910045633684,179.282004
291.5,51.5094467696122,-0.160921584944931,-1.25549820228506,-0.000791708791103744,181.1758612
292,51.5094410817852,-0.160921643940258,-1.25330838867243,-0.00983130716080576,178.9240633
292.5,51.5094354447771,-0.16092171994942,-1.32829562167041,-0.0106350200345242,178.570321
293,51.509429609274,-0.16092177951567,-1.1975713876949,-0.00869137031464161,179.1539862
293.5,51.5094240877366,-0.160921908160497,-1.2345630657376,-0.0207537250284252,180.4818487
294,51.5094186090678,-0.16092212824327,-1.28551287560906,-0.036190814106603,180.4892783
294.5,51.5094129156038,-0.160922346802598,-1.21464226813137,-0.0336135541181748,181.9159384
295,51.50940737902,-0.160922584943311,-1.235434051392,-0.0373675277935785,182.5667732
295.5,51.509401846181,-0.16092287088593,-1.25032054757251,-0.0497782286119954,185.1718295
296,51.5093961722921,-0.160923226251981,-1.22764125238387,-0.0472838763642309,179.8103769
296.5,51.5093906372057,-0.160923427092422,-1.25695338720468,-0.0280372684887272,184.9198955
297,51.5093849905613,-0.160923392515046,-1.2436713030943,0.0155551573649678,178.9300125
297.5,51.5093794944328,-0.160923359829154,-1.2496629894378,0.00240030339017585,181.4733668
298,51.509373793329,-0.160923419494983,-1.20612759712335,-0.0128946122185549,180.8211385
298.5,51.509368217408,-0.16092357101992,-1.31272898305126,-0.0218194338679959,181.7479174
299,51.5093625063791,-0.16092370733632,-1.23859365162832,-0.0136736399167532,178.5511944
299.5,51.5093569331407,-0.160923961646255,-1.22503324704773,-0.0350834069845817,178.5434511
300,51.5093514230638,-0.160924292468451,-1.24168201697293,-0.0512036077299745,180.3989826
300.5,51.5093457656891,-0.160924510071424,-1.25545277726002,-0.0286158057438105,184.2174404
301,51.5093401425351,-0.160924606876653,-1.27582614284457,-0.014128482109329,183.5394725
301.5,51.509334472024,-0.160924773718833,-1.21929543410294,-0.0267371767598849,182.1755065
302,51.5093289355034,-0.160924938026949,-1.25591138388929,-0.0200547272417763,179.0111514
302.5,51.5093233439655,-0.160924994158485,-1.24798365574684,-0.00477886506924158,181.7628932
303,51.5093177916084,-0.160924956465861,-1.20154401169343,0.00519373906852895,181.3926834
303.5,51.5093122657724,-0.160925007899287,-1.26094895250398,-0.0076606101779274,179.7262919
304,51.5093066995729,-0.160925073021289,-1.23161678294558,-0.0107819183633834,180.9083402
304.5,51.5093010202116,-0.160925130510467,-1.25404029403493,-0.00253513863388794,179.7670262
305,51.5092953428164,-0.160925086433873,-1.23624495973926,0.0086329425007523,181.9592037
305.5,51.5092903813223,-0.160925004998381,-1.10260789096697,0.00851761632475714,180.6026006
306,51.50928616446,-0.160924876689933,-0.811676690018649,0.0200974584981452,180.8645784
306.5,51.5092831397361,-0.160924889847573,-0.564096586046372,-0.00499699381201817,180.3562166
307,51.509281278288,-0.160924919398499,-0.31588624436747,-0.00367278481815774,180.4859597
307.5,51.5092800091279,-0.160924676640032,-0.234501637190351,0.0629240307072223,164.2475721
308,51.5092790214145,-0.160924043939907,-0.206053618640389,0.107152043728195,148.997465
308.5,51.5092782170173,-0.160923025369884,-0.173483650446489,0.173878445441638,136.2481058
309,51.5092775615705,-0.160921567435075,-0.10866743969447,0.206716824231165,121.9898864
309.5,51.5092771401405,-0.160919951808231,-0.0868093899522607,0.255348377457192,104.5640907
310,51.5092769180599,-0.160918243067957,-0.00739078475449071,0.224809916476448,88.27958081
310.5,51.5092770667227,-0.160916536531213,0.0517562319390502,0.23446222172671,75.5148655
311,51.50927738621,-0.16091484240235,0.108151825067484,0.254249590068671,62.13594307
311.5,51.5092779505473,-0.160913209872324,0.105108300416131,0.140288315262154,46.0203868
312,51.5092786821449,-0.160912229213402,0.220571069316118,0.182758382870277,30.58391876
312.5,51.5092796327747,-0.16091122598606,0.202038063509253,0.0747948852687498,12.880941
313,51.5092805550588,-0.160910888798335,0.225448596616142,0.0491756288083255,0.3918931908
313.5,51.5092821657816,-0.160910661652512,0.383262296091528,0.00401136053883957,-2.040193088
314,51.509284667299,-0.160910555426483,0.70464193172378,0.0269095598897236,-1.950974373
314.5,51.509288400658,-0.160910401941953,0.889349929711261,0.0107964566265466,4.173572309
315,51.5092931015013,-0.160910323453045,1.22647669918839,0.0207640107997652,-0.2948686374
315.5,51.5092986480836,-0.160910240246455,1.17329208907896,0.00650795386729402,1.551485938
316,51.5093040711353,-0.160910107243745,1.24266338917723,0.0312930682138013,1.856070458
316.5,51.5093096569754,-0.16091000721207,1.30118253027258,0.00536652914206812,-2.778684225
317,51.5093154473814,-0.16090995805515,1.23310876206746,0.0083425484293758,0.6598064506
317.5,51.5093210437077,-0.16090983884795,1.26089299059021,0.023272458860091,2.681913389
318,51.5093266744257,-0.160909720536666,1.25611709259506,0.0267578704434538,6.265799278
318.5,51.5093323025781,-0.160909617772479,1.26847808074391,0.00982295006115928,1.289360459
319,51.5093379694868,-0.16090959337752,1.25216205456009,-0.00555244881803223,0.9569989621
319.5,51.5093435844662,-0.160909637466366,1.24181179741362,-0.00574851540242012,0.246669415
320,51.5093492403872,-0.160909641258962,1.25901516613104,-0.00372914821119707,-0.2860206646
320.5,51.5093549223973,-0.160909653870949,1.2486368718495,-0.00357056109993047,1.354179355
321,51.509360555713,-0.160909725422203,1.27488160933935,-0.0172271626655241,-3.437496867
321.5,51.5093661942556,-0.160909814771338,1.21349016253769,-0.00879730906543546,1.803987336
322,51.5093716317482,-0.160909854991631,1.26133028499496,0.00172063019398168,0.896995123
322.5,51.5093772773348,-0.160909921971631,1.21184972465869,-0.0164740794620326,-1.364548945
323,51.5093828120442,-0.160910095166377,1.26338213840919,-0.0289948149654799,0.3693665868
323.5,51.5093884920586,-0.160910280551567,1.25292308743027,-0.0257659603490627,0.4208572039
324,51.5093940920587,-0.160910374310924,1.24008004055317,-0.0141038455397333,-2.619866194
324.5,51.5093997186592,-0.160910499510988,1.23376396090195,-0.0209795332637069,-1.974480216
325,51.5094053501854,-0.160910762421182,1.28473349889704,-0.0388033251097068,-0.9721096566
325.5,51.5094110909439,-0.160911019921164,1.25459672706669,-0.0273447861168363,0.7644862457
326,51.5094167328357,-0.16091103477628,1.24727419810392,0.00994363408473569,1.892972506
326.5,51.5094223888369,-0.16091106443144,1.28605962485074,-0.00627840172913457,1.160500871
327,51.5094281665073,-0.16091113732516,1.28211882562711,-0.0138169830660135,-1.378628271
327.5,51.5094339316835,-0.160911240239967,1.24015810041506,-0.014438889887642,1.759189387
328,51.5094394371792,-0.160911360892978,1.25098504428714,-0.0168572018881081,0.6077518529
328.5,51.5094450487545,-0.160911447568702,1.25946392541783,-0.0119500505363597,1.025397004
329,51.5094506405697,-0.160911572644674,1.22156814929449,-0.0161867283406316,1.219829294
329.5,51.509456187057,-0.160911711843631,1.31398675161422,-0.0147025609036477,-0.1449576574
330,51.5094620457226,-0.160911719217082,1.20248197459667,0.00328451106163683,-0.7809472325
330.5,51.5094675299741,-0.160911632465904,1.31303694458739,0.0144943626353009,0.6291670687
331,51.5094732665653,-0.160911481486073,1.20636237168263,0.0204544168416087,0.2234465508
331.5,51.5094788949874,-0.160911282919028,1.24882348772063,0.0275802773667408,1.927839622
332,51.5094844753988,-0.160911197265182,1.25205290649459,0.00736617020616002,-0.2140699441
332.5,51.5094900753903,-0.160911133375824,1.2464872839063,0.00758602925262325,0.5289950093
333,51.5094956989281,-0.160911213721461,1.27137748744108,-0.0147887221154119,-1.201953984
333.5,51.5095013467135,-0.16091126076812,1.22855877305521,-0.00457429373071372,0.9568282098
334,51.5095068851349,-0.160911270251326,1.26043804684263,-0.00340466506635434,-1.389042164
334.5,51.5095126040899,-0.160911340459284,1.20473899791395,-0.0129081396670112,-1.828873309
335,51.5095180828629,-0.160911379915048,1.31746951873079,-0.00445748978195646,-1.377813034
335.5,51.5095238623432,-0.160911363416936,1.20139751162834,0.00587732007547907,0.8300664197
336,51.5095293464781,-0.160911344236314,1.28294542906414,0.001857035410759,0.002803620218
336.5,51.509535013698,-0.160911258633087,1.19796179277344,0.0138843965597468,-1.679109227
337,51.5095405687965,-0.160911215289158,1.27682077640058,0.00594004824001133,-1.860629336
337.5,51.5095462380235,-0.160911278359342,1.26581804119653,-0.0133319262736726,-0.2378671263
338,51.5095519027237,-0.160911262069667,1.23699140523064,0.00241007483564427,-2.032576622
338.5,51.5095575200994,-0.160911296273767,1.2553075244092,-0.00800155757437034,-1.743819985
339,51.5095630731853,-0.160911292188462,1.2614112942547,0.0105701051706934,4.527463999
339.5,51.5095687455171,-0.160911299328042,1.19719145975959,0.00219229410593223,0.3702658379
340,51.5095742055108,-0.160911365270314,1.28345344887687,-0.0187878887567291,-4.180253758
340.5,51.5095799156563,-0.160911414705269,1.23187232925364,-0.00348193205461296,-0.4209701178
341,51.5095855008499,-0.160911334223955,1.23604972609331,0.0168122219665482,-0.1151353066
341.5,51.5095911468867,-0.160911263732493,1.2637333622777,0.0016844439804864,-2.710095359
342,51.5095968725793,-0.160911303356903,1.24364310563283,-0.0104779932857151,-1.706350835
342.5,51.5096024461485,-0.160911386366952,1.29842158355837,-0.00855038695468736,1.413215855
343,51.5096081439655,-0.160911434127491,1.21489109249525,-0.0068159781234537,-2.204543074
343.5,51.5096136332505,-0.160911427603738,1.23829956160866,0.00364091073166773,0.08347603457
344,51.5096191614756,-0.16091161191604,1.24322612224138,-0.0347426284319313,-4.235403437
344.5,51.5096241646558,-0.160911830700309,1.03241271211614,-0.0283333329827226,-1.804002088
345,51.5096281545289,-0.160911918239063,0.824758640833899,-0.00747253682352732,-3.274315055
345.5,51.5096311475706,-0.160911950807989,0.54332668534048,-0.00165126403488955,0.0929344784
346,51.5096329583248,-0.160911976971363,0.285493826921378,-0.000228335771675834,-2.141307011
346.5,51.5096340974092,-0.160911761695659,0.219403151704486,0.060806961983128,16.23257276
347,51.5096350500795,-0.160911093591447,0.148101925166302,0.101934193445664,31.15978279
347.5,51.5096357227835,-0.160910275270703,0.231398109803859,0.176473254400493,40.28332741
348,51.5096365237394,-0.16090888901709,0.0616805329781912,0.158755044666053,55.47769633
348.5,51.5096368177172,-0.160907629390395,0.101632660741663,0.208081399699752,75.48254053
349,51.5096370393071,-0.16090599496904,-0.0161187630245037,0.239796934577661,91.27077502
349.5,51.5096369071,-0.160904324650117,-0.0328527125888686,0.22414551803729,105.1995412
350,51.5096366013313,-0.160902821934225,-0.104568079919837,0.185909873587793,117.910521
350.5,51.5096360076443,-0.160901576426175,-0.141667067001247,0.163882693347656,132.3037777
351,51.5096351976006,-0.160900554183127,-0.190509958960818,0.105805758119787,152.630645
351.5,51.5096342424695,-0.160899994317875,-0.258017590336614,0.0836510939031317,165.0776385
352,51.509633113696,-0.160899716617701,-0.230479053948464,-0.0112300344478748,180.9662999
352.5,51.5096314698294,-0.160899839786775,-0.457700422672198,-0.00865296245404277,183.1429788
353,51.5096287433218,-0.16090002436012,-0.689146120025734,-0.038659675284162,181.124686
353.5,51.5096249065007,-0.160900290722778,-0.990089523840311,-0.032782747479485,181.3370907
354,51.509619885813,-0.160900603626279,-1.12436651220205,-0.0538028723226568,184.065532
354.5,51.5096146373474,-0.160900738766124,-1.33527774423699,-0.012572612202943,179.1701837
355,51.5096088268884,-0.160900836763088,-1.18458329835646,-0.00717112846069233,180.4709023
355.5,51.5096033794722,-0.160900851457398,-1.30908689561794,-0.00726939703023545,182.3313736
356,51.5095976262469,-0.160900900197666,-1.22136111371866,-0.00706529497339258,181.2148515
356.5,51.5095920842891,-0.160900998802876,-1.2185473384426,-0.00856717204598025,178.8684874
357,51.5095864946519,-0.160901064183802,-1.30261097222023,-0.00512396916804792,178.9873491
357.5,51.5095806960246,-0.16090100941781,-1.22243953318787,0.00749622002255397,182.2579464
358,51.5095751200948,-0.160900841116234,-1.31662498762298,0.0268243278213353,179.1065268
358.5,51.5095693125033,-0.160900609343862,-1.23166105786492,0.0354515643238414,180.3633638
359,51.5095636585338,-0.160900434946162,-1.26909227957213,0.0175508405803403,181.9692624
359.5,51.5095579595064,-0.160900306815409,-1.3171425295803,0.0116511257119173,182.292608
360,51.5095521837574,-0.160900256138665,-1.24543394946989,0.00533267803261371,180.4169428
360.5,51.509546539899,-0.160900249726856,-1.26508036616395,-0.00419550449831538,184.8343148
361,51.5095408831563,-0.160900323680531,-1.24664949597168,-0.0102342655952576,180.3057633
361.5,51.5095352924994,-0.160900408020616,-1.26212505950976,-0.0091611781142638,180.2923842
362,51.5095295808662,-0.160900451411352,-1.22650052973869,-0.00608310021917988,181.6658788
362.5,51.5095240774635,-0.160900477345838,-1.29969157009364,-0.00154726997851457,181.6743195
363,51.5095182940633,-0.160900460124087,-1.22118446175814,0.00925236799684697,179.3823455
363.5,51.5095127612221,-0.160900406877585,-1.22818927965204,0.00370905132021311,181.8100956
364,51.5095072698383,-0.160900406752729,-1.28912483014663,-0.00215203796270216,178.7454322
364.5,51.5095015282346,-0.160900397950066,-1.18989526339295,0.00643108381424076,180.8521447
365,51.5094960351109,-0.160900312707508,-1.30368304590618,0.0120868780305775,181.0202195
365.5,51.5094902633188,-0.160900281151988,-1.24944126457919,0.00268872256484282,181.0845089
366,51.5094845290329,-0.160900271008403,-1.26963843713933,0.000238315449671411,180.7821621
366.5,51.5094788575813,-0.160900222615102,-1.27889053307252,0.0184983151196602,176.178401
367,51.5094731760474,-0.160900146243658,-1.232818259634,0.0144682660309003,178.6392552
367.5,51.5094675429757,-0.160899934122389,-1.24972528526692,0.0294004588238784,180.1902935
368,51.5094619410556,-0.160899789492332,-1.29416975793968,0.022915701732327,177.830444
368.5,51.5094561878934,-0.160899717201686,-1.21134600234645,0.00960124986391864,176.2953482
369,51.5094506472292,-0.160899796891998,-1.30450173894876,-0.0166100616011613,179.8099445
369.5,51.5094448925533,-0.16089975572036,-1.22363129627382,-0.000280208279808788,181.9826404
370,51.5094393816536,-0.160899707139326,-1.26927775982273,0.00381744051931638,182.295217
370.5,51.5094338051888,-0.160899665786662,-1.23904041478579,-0.00298820437835076,182.6737996
371,51.5094282055104,-0.160899670131053,-1.22324985963668,-0.00364353227742999,182.005087
371.5,51.5094226678261,-0.16089976210697,-1.23372066759033,-0.0165864647643743,182.4574456
372,51.5094170798318,-0.16089980418442,-1.23919157105708,-0.00382385468951878,181.5071318
372.5,51.5094115217235,-0.160899899482259,-1.28934999653405,-0.010430769027572,179.3213894
373,51.5094057760767,-0.160899899945419,-1.19640387025079,0.00834479762939981,180.1096205
373.5,51.5094003217816,-0.160899745100819,-1.30533692573647,0.026748462162901,179.0081899
374,51.5093945631346,-0.160899565101133,-1.18274028617149,0.0281051941861716,180.9339712
374.5,51.5093891063832,-0.160899367652313,-1.30186303279198,0.0274222191132732,178.2069849
375,51.5093833397019,-0.160899180159514,-1.2222616281741,0.0291968605898585,178.3570684
375.5,51.509377782734,-0.160899034147414,-1.246483573135,0.0204444906750565,177.1913371
376,51.5093721053442,-0.160898876722298,-1.27657086827509,0.0231157681716695,179.4974286
376.5,51.50936642105,-0.16089866012844,-1.27724186193024,0.0188107260394885,184.4832378
377,51.5093607426229,-0.160898630947897,-1.19700223000642,0.000110719009814728,178.8047229
377.5,51.5093552909698,-0.160898589287161,-1.31488166388121,0.00818333882177315,181.8051348
378,51.5093495725159,-0.160898525162094,-1.20155706074579,0.00593909507890153,182.0539175
378.5,51.5093440021626,-0.160898424721322,-1.27390031488057,0.0157715091355143,179.1800236
379,51.5093383180498,-0.1608983355642,-1.25960107392698,0.011148152443685,179.2819675
379.5,51.5093326107339,-0.160898438811271,-1.23055071716069,-0.0197806364523366,181.9645841
380,51.5093270848002,-0.160898605777537,-1.3069205526371,-0.0270839200293842,180.9977201
380.5,51.509321278607,-0.160898815080193,-1.22949445327468,-0.037374389763834,183.7483478
381,51.5093157267855,-0.160899077619323,-1.27793048312954,-0.0402151161967926,181.7848686
381.5,51.509310082248,-0.160899237996959,-1.19655445102213,-0.00580687499517085,176.7799372
382,51.5093045525692,-0.160899414216675,-1.24269397054274,-0.0232973826847517,180.8089574
382.5,51.5092989950062,-0.160899516866294,-1.29610576662354,-0.0126963920622093,180.3101037
383,51.5092932654177,-0.160899726648934,-1.19678233861449,-0.0267119726476061,178.8925533
383.5,51.5092883236303,-0.160899774092611,-1.09343603977775,0.00348948001506081,178.2237101
384,51.5092841976268,-0.160899684397902,-0.830358276332856,0.0159949243735014,180.3193112
384.5,51.5092811113286,-0.160899605560252,-0.50608547887744,0.00438311938903572,178.9845259
385,51.5092793676308,-0.160899605949784,-0.361590344341226,0.0002109716185994,178.9874326
385.5,51.5092779245677,-0.160899400043858,-0.203046629861941,0.0521076885717388,159.5388786
386,51.5092769588185,-0.160898751017988,-0.291596717332126,0.129985578750665,145.3474291
386.5,51.5092758662677,-0.160897719345124,-0.136539228965534,0.135603272975771,136.2402754
387,51.5092753283021,-0.160896421331188,-0.160478209139853,0.21084725374634,118.3778406
387.5,51.509274809742,-0.160894780666023,-0.0605997678956576,0.254117476703742,105.5142739
388,51.5092746703971,-0.160892832441347,-0.0208726906354791,0.255161261701105,88.63601044
388.5,51.5092747405125,-0.160891014468704,0.0521239128030475,0.253364066668272,74.73013824
389,51.5092751209619,-0.160889240743897,0.0995959533117171,0.235145692551153,59.64145999
389.5,51.509275737524,-0.160887852866214,0.167662822186691,0.180385289357938,47.62606359
390,51.5092765098792,-0.160886720474981,0.16661828781077,0.122583270674819,31.0028765
390.5,51.5092774095564,-0.160885995924745,0.239022527174371,0.0985549813741917,16.67070751
391,51.5092785533427,-0.160885689853648,0.246949116111314,-0.00229114664274603,-4.530817228
391.5,51.5092802181498,-0.160885639050914,0.408829682851623,0.0127850399815561,-2.813763076
392,51.5092827889247,-0.160885460935306,0.745440269416568,0.0196392490784324,-2.785005618
392.5,51.509286712677,-0.160885352324224,0.874416124831678,0.0156770353073655,-0.6823054901
393,51.5092914812978,-0.160885341149553,1.20434862719245,-0.00131201199684586,0.9135890856
393.5,51.5092969403697,-0.160885358216751,1.30264005872989,-0.00354701859883282,-1.544208183
394,51.5093026911359,-0.160885500536952,1.26204925820523,-0.0237451894789908,-1.461002387
394.5,51.5093083751072,-0.160885827187341,1.19094196753332,-0.0439595687310646,-0.4051765718
395,51.5093137817639,-0.160886025377912,1.31968455793104,-0.0279930430018931,-0.722462866
395.5,51.5093195411081,-0.160886076502146,1.22535814000076,-0.00736555914548231,-4.186290136
396,51.5093250847764,-0.16088621290466,1.2345505410129,-0.0295314806013025,-5.905655549
396.5,51.5093306481583,-0.160886359567121,1.21976354434125,-0.0169673551135644,-1.526796745
397,51.509336153966,-0.160886575322521,1.2585112730458,-0.0321407990984877,-1.967728933
397.5,51.5093417510005,-0.16088680461842,1.20769839948462,-0.0232881177130175,0.3414566054
398,51.5093472750888,-0.160886980901822,1.23922260941613,-0.0200559344517716,-1.578672003
398.5,51.5093529011212,-0.160887094219962,1.24684323595401,-0.0132806789409448,-1.62635168
399,51.5093585666318,-0.160887281710577,1.28157559754004,-0.0303984920795565,-3.58578348
399.5,51.5093642280257,-0.160887413486543,1.25175641195494,-0.013051918126999,-0.006905515492
400,51.5093698145838,-0.160887349662211,1.25911910024703,0.0177841617907425,-0.1667776285
400.5,51.5093754912001,-0.160887332223214,1.22212160299105,-0.00110511476698312,0.2414523087
401,51.5093809562079,-0.160887280218714,1.24195295025623,0.0145134182980468,2.909472066
401.5,51.5093865839473,-0.160887231126509,1.22733533673587,0.000220448568280879,-3.418266493
402,51.5093921646768,-0.160887328767384,1.22226747267261,-0.0142283949736767,2.357960605
402.5,51.5093976496202,-0.16088753565722,1.29833438956083,-0.0311390121312825,-0.6907872832
403,51.5094034078772,-0.160887828891479,1.17790386743658,-0.0463838274048683,-1.843497721
403.5,51.5094087967712,-0.160888222816764,1.34655045721669,-0.0505999739003048,1.07147748
404,51.5094146699783,-0.160888597340306,1.14835936896728,-0.0537832604489757,-4.318969521
404.5,51.5094200700555,-0.160888906515458,1.31944885943531,-0.0442973206446824,-1.38851834
405,51.5094257615981,-0.160889066587113,1.16827729471825,-0.0100518613061049,0.4221441458
405.5,51.5094312034632,-0.160889177622648,1.256304552371,-0.0136198927467481,0.4347415238
406,51.5094368113831,-0.16088920407407,1.23310313089735,0.00731193297718882,2.876739317
406.5,51.5094423683682,-0.160889183848257,1.25477198625542,0.00148871975807148,-0.723657917
407,51.5094479514644,-0.160889191977424,1.23103626429728,-0.0102578107286403,-3.70579946
407.5,51.509453559956,-0.160889259114933,1.2003501683718,-0.00747441950670658,1.37350546
408,51.5094590976737,-0.160889276127112,1.3243121120502,-0.00245871517602275,-0.9446013996
408.5,51.5094649488878,-0.160889190887321,1.19702691152525,0.0141081391330536,1.132439304
409,51.5094703461001,-0.160889121697833,1.28646813600276,0.00961778283678453,-1.164599086
409.5,51.5094761084285,-0.160888992210805,1.20870307106432,0.0121565833752567,-2.762659801
410,51.5094816179669,-0.160888946811971,1.25533072769508,0.00571258733193445,-0.8547866535
410.5,51.5094871912606,-0.160888842422923,1.25468507933442,0.0200027477214414,1.934985307
411,51.5094928278345,-0.160888696154225,1.24514948099635,0.0331861907969488,4.361153058
411.5,51.5094984284349,-0.160888483435617,1.22296998250156,0.0233605437728027,-2.363506575
412,51.5095039850602,-0.160888358697724,1.27416364435217,0.006737635591474,-2.972554945
412.5,51.5095096580318,-0.16088824341386,1.23840965263157,0.0177385928646143,-0.3073878554
413,51.509515198068,-0.160888067654418,1.26123739596388,0.0298262609669212,3.371765554
413.5,51.5095208702835,-0.160887962604903,1.21762234584203,0.0130546182420514,-0.1768673696
414,51.5095263660436,-0.160887890619233,1.29609492709088,0.00697192822336494,0.2214416547
414.5,51.5095321072793,-0.160887935418089,1.1563539177901,-0.00837604741831524,-1.667273219
415,51.5095374506999,-0.160888045094643,1.2908732983773,-0.0116745762455679,1.772023468
415.5,51.509543095842,-0.160888157372625,1.18064440759159,-0.0116324546304045,1.299859451
416,51.5095485774416,-0.160888322303505,1.28887575888819,-0.0272398877030783,-0.1900811475
416.5,51.5095542271558,-0.160888349285934,1.1894233448289,-0.00198887170831462,-1.893993749
417,51.5095596975118,-0.160888458472163,1.26313867954627,-0.0180393511650863,0.3899712864
417.5,51.5095653124168,-0.160888711671889,1.21021374735985,-0.0416959488099698,-2.402253508
418,51.5095708216509,-0.160888930823365,1.28955568679615,-0.0386295378673106,-5.321325088
418.5,51.5095765638938,-0.160889133091862,1.17612648271676,-0.0169219117594328,2.161770053
419,51.5095819716358,-0.160889187986801,1.29117006372196,-0.0098980612610511,-4.643803017
419.5,51.5095876396864,-0.160889195814989,1.19530990488258,-0.000232489751952523,-0.8590020626
420,51.5095931020151,-0.160889270896703,1.26445850316188,-0.00383502422383604,1.420104185
420.5,51.5095986930829,-0.160889248235573,1.21186064281619,0.0069885712692366,0.3296294008
421,51.5096042413402,-0.16088914680898,1.27769589693757,0.0148766655631501,-0.7570331344
421.5,51.5096099216528,-0.160889007284981,1.19337880783613,0.0124711304011097,-4.65184696
422,51.509615437319,-0.160888977531892,1.25602036101924,-0.000200074906504498,-0.5794652379
422.5,51.5096204250267,-0.160888999059643,1.07902433765734,-0.00066920998472153,-0.6736740195
423,51.5096245407953,-0.160889093746906,0.768645185404582,-0.0118755295296611,-1.746322775
423.5,51.5096273686208,-0.160889214387809,0.592727107828934,-0.0145026711519577,2.052009888
424,51.5096294220551,-0.160889269402238,0.286397965835604,-0.00631705758627813,-4.051327691
424.5,51.5096304062663,-0.160889342826401,0.1806839161685,-0.00934448703584807,-3.174898613
425,51.5096308819566,-0.160889444671854,-0.0293571944612249,-0.0101403253336884,1.466231926
